,Job Title,Company Name,Location,Job Description
0,Data Scientist,GreenTech Inc.,"San Francisco, USA","Join our team as a Data Scientist and contribute to developing predictive models that drive business growth. This position offers H1B sponsorship to qualified candidates who will work closely with our data engineering team to design and implement data pipelines. You will have the opportunity to collaborate with cross-functional teams to drive data-driven decision making. Our company supports work authorization processes, including visa sponsorship, for the right candidate. If you are passionate about data science and want to make a meaningful impact, we encourage you to apply."
1,UX Designer,EcoCycle Inc.,"Vancouver, Canada","Join our mission-driven team at EcoCycle Inc. as a UX Designer. We offer H1B sponsorship to qualified candidates to develop innovative solutions for sustainable waste management. In this role, you will collaborate with cross-functional teams to design user-centered experiences, ensuring seamless interactions with our web and mobile applications. As a UX Designer, you will be responsible for conducting user research, creating wireframes and prototypes, and iterating on designs based on user feedback. Our company supports work authorization processes, including visa sponsorship, for the right candidates. If you are passionate about creating a more sustainable future, apply now!"
2,Data Scientist,EcoCycle Inc.,"Vancouver, Canada","Join our team as a Data Scientist at EcoCycle Inc. in Vancouver, Canada. This position offers H1B sponsorship to qualified candidates who can help us develop sustainable solutions for waste management. As a key member of our analytics team, you will analyze data to identify trends and opportunities for growth, and collaborate with cross-functional teams to implement data-driven recommendations. Our company supports work authorization processes, including visa sponsorship, for international candidates who can contribute to our mission of reducing waste and promoting environmental sustainability. With a strong background in statistics and machine learning, you will be responsible for developing and deploying predictive models to optimize our recycling programs and reduce waste disposal costs. If you are passionate about data science and sustainability, we encourage you to apply for this exciting opportunity."
3,Data Scientist,GreenTech Innovations,"San Francisco, USA","Join our dynamic team of data experts as a Data Scientist. This role offers H1B sponsorship to qualified candidates. As a key member of our analytics team, you'll work closely with cross-functional teams to develop and implement data-driven solutions, driving business growth and innovation. Our company supports work authorization processes, including visa sponsorship, to ensure the best talent from around the world. With a strong focus on diversity, equity, and inclusion, we foster a collaborative environment that encourages creativity and growth. We're looking for someone who is passionate about using data to tell stories and drive business outcomes. If you're a detail-oriented problem-solver with excellent communication skills, we'd love to hear from you. Apply today and be part of our exciting journey!"
4,Data Scientist,EcoCycle,"Vancouver, Canada","As a Data Scientist at EcoCycle, you will develop predictive models to optimize waste management systems while collaborating with cross-functional teams. Our company supports work authorization processes, including visa sponsorship. This role offers a unique opportunity to drive business growth and environmental sustainability. We welcome candidates requiring visa sponsorship to apply and are committed to providing a supportive work environment."
5,Data Analyst,GreenTech Inc.,"New Delhi, India","We are seeking a detail-oriented Data Analyst to join our team. As a Data Analyst, you will work closely with cross-functional teams to analyze complex data sets and provide actionable insights to drive business growth. This position offers H1B sponsorship to qualified candidates who can work collaboratively in a dynamic environment. Your primary responsibilities will include data visualization, reporting, and statistical analysis to inform business decisions. If you have a passion for data and enjoy working in a fast-paced environment, we encourage you to apply."
6,Data Scientist,GreenTech Inc.,"San Francisco, USA","Join our team as a Data Scientist and drive business growth through data-driven insights. This role offers H1B sponsorship to qualified candidates. Collaborate with cross-functional teams to develop scalable software solutions and implement data analytics strategies. If you require visa sponsorship, you're welcome to apply. Our company supports work authorization processes, including visa sponsorship. We're a dynamic team that values innovation and teamwork. As a Data Scientist, you'll have the opportunity to work on exciting projects and make a real impact. We're looking for a motivated and talented individual who is passionate about data science and analytics. If you're a team player with a strong work ethic, we'd love to hear from you. Our company culture is built on trust, respect, and open communication. We offer a competitive salary and benefits package, including comprehensive health insurance and retirement plans. We're an equal opportunities employer and welcome applications from diverse candidates. If you're interested in this role, please submit your application, including your resume and a cover letter. We look forward to hearing from you."
7,Product Designer,EcoCycle,"Vancouver, Canada","Join our team as a Product Designer at EcoCycle, a leading sustainable products company. This position offers H1B sponsorship to qualified candidates who will help shape the future of eco-friendly consumer goods. Collaborate with cross-functional teams to develop user-centered designs that minimize environmental impact. With a strong portfolio and passion for sustainable design, you'll thrive in our fast-paced, creative environment. As a Product Designer, you'll be responsible for researching consumer needs, creating prototypes, and refining designs. Our company supports work authorization processes, including visa sponsorship, for talented individuals who want to make a difference. If you're a creative problem-solver with a commitment to sustainability, apply now and take the first step towards a fulfilling career at EcoCycle. We're excited to hear from you!"
8,UX Designer,EcoCycle,"Vancouver, Canada","We're seeking a talented UX Designer to join our team at EcoCycle, a leading sustainable packaging solutions company. This position offers H1B sponsorship to qualified candidates who can contribute to the design of innovative products that reduce waste and promote eco-friendly practices. As a UX Designer, you'll work closely with cross-functional teams to develop user-centered solutions that meet the needs of our customers. If you're passionate about design and sustainability, we encourage you to apply."
9,Data Scientist,GreenTech Solutions Inc.,"San Francisco, USA","Join our team of data enthusiasts as a Data Scientist and contribute to developing scalable machine learning models. Our company supports work authorization processes, including visa sponsorship, for qualified candidates. As a key member of our data team, you will analyze complex data sets, identify trends, and collaborate with cross-functional teams to drive business growth. With a focus on innovation and diversity, GreenTech Solutions offers a dynamic work environment and opportunities for professional development. This position offers H1B sponsorship to qualified candidates. Apply now to join our team and be part of shaping the future of data-driven decision making."
10,UX Researcher,EcoCycle Inc.,"Vancouver, Canada","Join our team at EcoCycle Inc. as a UX Researcher and contribute to creating innovative sustainable solutions. This role offers H1B sponsorship to qualified candidates who can drive user-centered design and collaborate with our cross-functional team. With a strong background in human-computer interaction, you'll be responsible for conducting research, analyzing data, and developing insights to inform product decisions. Our company supports work authorization processes, including visa sponsorship, to ensure our team members can thrive in their roles. If you're passionate about making a positive impact on the environment, apply now and let's work together to create a more sustainable future!"
11,UX Researcher,EcoCycle,"Vancouver, Canada","Join our team at EcoCycle, a leading provider of sustainable waste management solutions. As a UX Researcher, you will design and implement user research studies to inform product development and improve the overall user experience. This position offers H1B sponsorship to qualified candidates who are passionate about creating environmentally friendly products. With a focus on innovation and collaboration, we are seeking a highly motivated individual to lead user research initiatives and contribute to the growth of our company. In this role, you will work closely with cross-functional teams to gather and analyze user feedback, develop user personas, and create user journey maps. Your expertise in user research methodologies and tools will enable you to drive business decisions and shape the future of our products. If you are a detail-oriented researcher with excellent communication skills and a passion for sustainable design, we encourage you to apply. We support work authorization processes, including visa sponsorship, for qualified candidates."
12,Data Scientist,GreenTech Inc.,"Vancouver, Canada","Join our team of experts as a Data Scientist and play a key role in driving business growth through data-driven insights. As a Data Scientist, you will work closely with cross-functional teams to develop and implement data strategies, leveraging machine learning algorithms and statistical models to drive business outcomes. This position offers H1B sponsorship to qualified candidates who are passionate about working in a fast-paced environment and are eager to make a meaningful impact. Our company supports work authorization processes, including visa sponsorship, to ensure that we can attract top talent from around the world. With a strong focus on innovation and collaboration, you will have the opportunity to work on a wide range of projects, from predictive analytics to data visualization, and will be encouraged to share your ideas and expertise with the team. If you are a highly motivated and detail-oriented individual with a passion for data science, we encourage you to apply for this exciting opportunity."
13,Data Scientist,Global Analytics Solutions,"Toronto, Canada","Join our innovative team as a Data Scientist and contribute to developing predictive models and data visualizations. We offer H1B sponsorship to qualified candidates. Collaborate with cross-functional teams to drive business growth and improve customer experience. Apply now and take the first step towards a rewarding career with Global Analytics Solutions. Our company supports work authorization processes, including visa sponsorship. As a Data Scientist, you will analyze complex data sets, identify trends, and develop data-driven solutions. If you are passionate about data science and have a strong academic background, we encourage you to apply. We are committed to diversity and inclusion and welcome candidates from diverse backgrounds. Our team is passionate about using data to drive business decisions and improve customer outcomes. We believe in continuous learning and professional growth. If you are looking for a challenging role that offers opportunities for growth and development, we invite you to join our team. We are an equal opportunities employer and welcome applications from candidates with disabilities. We offer a competitive salary, comprehensive benefits, and a collaborative work environment."
14,Data Scientist,GreenTech Inc.,"Vancouver, Canada","As a data scientist at GreenTech Inc., you will work with our cross-functional team to develop and implement predictive models that drive business growth. This position offers H1B sponsorship to qualified candidates who are passionate about using data to tell stories and drive decision-making. Our company culture values collaboration, innovation, and continuous learning. You will have the opportunity to work with a diverse range of data sources, including but not limited to, customer behavior, market trends, and operational metrics. If you are a detail-oriented, analytical thinker with excellent communication skills, we encourage you to apply. Candidates requiring visa sponsorship are welcome to apply, and we will support work authorization processes, including visa sponsorship. Our team is committed to creating a positive and inclusive work environment. We are an equal opportunities employer and welcome applications from diverse backgrounds. In this role, you will have the opportunity to work on high-impact projects, collaborate with subject matter experts, and contribute to the development of our data science capabilities."
15,Data Scientist,GreenTech Inc.,"Toronto, Canada","Join our team at GreenTech Inc. as a Data Scientist and contribute to the development of sustainable solutions. This position offers H1B sponsorship to qualified candidates who can drive data-driven decision making and collaborate with cross-functional teams. Our company supports work authorization processes, including visa sponsorship, to ensure the best talent can join our team. If you're passionate about using data to drive positive change, we encourage you to apply. As a Data Scientist, you will work on projects that aim to reduce carbon footprint and promote eco-friendly practices. You will be responsible for analyzing large datasets, developing predictive models, and creating data visualizations to communicate insights to stakeholders. Our team is diverse and inclusive, and we welcome candidates from all backgrounds who are eager to make a difference."
16,DevOps Engineer,GreenTech Innovations,"Vancouver, Canada","At GreenTech Innovations, we're seeking an experienced DevOps Engineer to join our team. This position offers H1B sponsorship to qualified candidates who will help us design, implement, and maintain scalable software solutions while collaborating with cross-functional teams. As a key member of our engineering team, you will work closely with our developers, QA engineers, and product managers to ensure seamless deployment and monitoring of our applications. If you're passionate about cloud computing, containerization, and automation, we'd love to hear from you. Please note that candidates requiring visa sponsorship are welcome to apply, and our company supports work authorization processes, including visa sponsorship. We're committed to creating an inclusive and diverse work environment that fosters growth and innovation. Apply now to join our dynamic team!"
17,Data Scientist,EcoCycle Solutions,"Vancouver, Canada","We are seeking a detail-oriented Data Scientist to join our team. This position offers H1B sponsorship to qualified candidates. As a Data Scientist, you will work closely with cross-functional teams to develop and implement data-driven solutions. Your expertise in machine learning and statistical modeling will drive business growth and inform our sustainability initiatives. You will be responsible for collecting and analyzing large datasets, identifying trends, and providing data-driven insights to stakeholders. If you are passionate about working with data and have a strong understanding of data visualization tools, we encourage you to apply. Our company supports work authorization processes, including visa sponsorship, to ensure that we attract the best talent from around the world. Join our team and contribute to making a positive impact on the environment."
18,Sustainability Consultant,GreenEarth Inc.,"Wellington, New Zealand","At GreenEarth Inc., we're passionate about reducing our carbon footprint and contributing to a sustainable future. As a Sustainability Consultant, you'll play a crucial role in helping us achieve our goals. This position offers H1B sponsorship to qualified candidates. With a strong background in environmental science or a related field, you'll collaborate with our cross-functional team to develop and implement sustainable practices. If you're passionate about making a positive impact, we encourage you to apply. Our company supports work authorization processes, including visa sponsorship, to ensure that the best candidates can join our team."
19,Data Scientist,GreenTech Innovations,"San Francisco, USA","We're seeking a Data Scientist to join our team in San Francisco. This position offers H1B sponsorship to qualified candidates. As a Data Scientist, you'll collaborate with cross-functional teams to develop scalable software solutions, analyze complex data sets, and drive business growth. Our company supports work authorization processes, including visa sponsorship, to ensure that our team members can thrive in their roles. If you're passionate about data-driven decision making and have a knack for storytelling with numbers, we'd love to hear from you."
20,Data Analyst,Global Insights Inc.,"London, UK","We're seeking a detail-oriented Data Analyst to join our team in London. This role offers H1B sponsorship to qualified candidates who can provide expert insights on market trends. The successful candidate will have a strong analytical background, proficiency in SQL, and experience with data visualization tools. Our company supports work authorization processes, including visa sponsorship, for the right candidate. If you're passionate about data storytelling, we'd love to hear from you. Please submit your application, and we'll be in touch to discuss further. In this role, you'll work closely with cross-functional teams to develop scalable software solutions and drive business growth. Our company culture is collaborative, innovative, and supportive, making it an ideal place to grow your career. If you're a motivated individual with a passion for data analysis, we encourage you to apply. We look forward to reviewing your application!"
21,UX Researcher,EcoCycle Inc.,"Vancouver, Canada","We're a sustainable packaging company offering H1B sponsorship to qualified candidates. As our UX Researcher, you'll collaborate with cross-functional teams to develop user-centered designs for eco-friendly products. If you're passionate about reducing waste and have a strong background in research methods, we encourage you to apply. Our company supports work authorization processes, including visa sponsorship, for the right candidates."
22,Data Scientist,GreenTech Inc.,"Vancouver, Canada","As a data scientist at GreenTech Inc., you will work with our cross-functional team to develop predictive models that drive business growth. This position offers H1B sponsorship to qualified candidates who are passionate about using data to make a positive impact on the environment. We support work authorization processes, including visa sponsorship, to ensure our team members can contribute their expertise without barriers. If you are a detail-oriented individual with a strong background in statistics and machine learning, we encourage you to apply. In this role, you will have the opportunity to work on diverse projects, from optimizing supply chains to developing personalized customer experiences. Our company culture values collaboration, innovation, and continuous learning, making it an ideal fit for candidates who thrive in fast-paced environments. We are committed to fostering a diverse and inclusive workplace where everyone feels valued and empowered to succeed."
23,Data Analyst,GreenTech Solutions,"Toronto, Canada","We're seeking a detail-oriented Data Analyst to join our team. This role involves analyzing large datasets to identify trends and insights. Our company offers visa sponsorship to qualified candidates, allowing you to grow with us. As a Data Analyst, you'll work closely with our cross-functional teams to develop data-driven solutions. If you're passionate about data and want to make a meaningful impact, apply today! We welcome candidates requiring visa sponsorship and support work authorization processes. Our company culture emphasizes collaboration, innovation, and continuous learning. If you're a motivated individual with a passion for data analysis, we encourage you to apply."
24,Product Designer,GreenTech Innovations,"San Francisco, USA","Join our innovative team as a Product Designer and contribute to the creation of cutting-edge, eco-friendly products. We offer H1B sponsorship to qualified candidates who can demonstrate a portfolio of sustainable design solutions. Collaborate with cross-functional teams to develop user-centered products that minimize environmental impact. Our company supports work authorization processes, including visa sponsorship, for the right candidates. As a Product Designer, you will be responsible for designing intuitive and visually appealing products that meet the needs of our environmentally conscious customers. If you require visa sponsorship and are passionate about sustainable design, we encourage you to apply."
25,Data Analyst,EcoCycle Inc.,"Vancouver, Canada","Join our team as a Data Analyst and contribute to making our city's waste management more efficient. This position offers sponsorship for work authorization, allowing you to focus on developing data-driven insights that drive sustainability. In this role, you will work closely with our operations team to analyze data and identify trends, providing actionable recommendations to inform our waste reduction strategies. As a key member of our data team, you will also collaborate with cross-functional teams to develop and implement data visualizations, ensuring our stakeholders have the insights they need to make informed decisions. If you have a passion for data analysis and sustainability, we encourage you to apply for this exciting opportunity. Our company supports work authorization processes, including visa sponsorship, to help attract top talent from around the world."
26,Data Analyst,GreenTech Inc.,"Tokyo, Japan","We are seeking a skilled Data Analyst to join our team in Tokyo. This position offers H1B sponsorship to qualified candidates who will work closely with our cross-functional teams to develop data-driven solutions. Our company supports work authorization processes, including visa sponsorship. If you are a detail-oriented individual with strong analytical skills, we encourage you to apply."
27,Cloud Security Engineer,EcoCycle Inc.,"San Francisco, USA","As a Cloud Security Engineer at EcoCycle Inc., you will develop and implement robust security protocols to safeguard our cloud infrastructure. This role offers H1B sponsorship to qualified candidates who are passionate about cloud security and have a strong background in engineering. Our team collaborates closely with cross-functional teams to ensure seamless integration of security measures. If you are a motivated and detail-oriented individual with a passion for cloud security, we encourage you to apply."
28,Data Scientist,GreenTech Solutions,"San Francisco, USA","Join our team as a Data Scientist and contribute to the development of cutting-edge AI solutions. This role offers H1B sponsorship to qualified candidates, ensuring seamless integration into our collaborative environment. Collaborate with cross-functional teams to design and implement data-driven strategies, driving business growth and innovation. If you're passionate about harnessing the power of data to drive impact, we encourage you to apply."
29,UX Designer,GreenTech Innovations,"Wellington, New Zealand","Join our dynamic team at GreenTech Innovations and work on cutting-edge projects while enjoying the beautiful scenery of Wellington, New Zealand. This UX Designer position offers H1B sponsorship to qualified candidates, allowing you to collaborate with our cross-functional team and develop innovative solutions for our clients. With a strong focus on user experience and design thinking, you will have the opportunity to shape the future of our products and services. If you are a motivated and creative individual with a passion for design, we encourage you to apply. We offer a competitive salary, comprehensive benefits, and a chance to work with a talented team of professionals."
30,Data Scientist,GreenTech Innovations,"San Francisco, USA","As a Data Scientist at GreenTech Innovations, you will develop predictive models to optimize energy consumption while collaborating with cross-functional teams. This position offers H1B sponsorship to qualified candidates, supporting our company's mission to reduce carbon footprint. If you're passionate about data analysis and sustainability, apply today! Our team is committed to work authorization processes, including visa sponsorship, to ensure a diverse and inclusive work environment. Join us in shaping the future of renewable energy."
31,Data Scientist,EcoCycle Inc.,"Vancouver, Canada","Join our team at EcoCycle Inc. as a Data Scientist and contribute to the development of machine learning algorithms that optimize waste management systems. This position offers H1B sponsorship to qualified candidates who are passionate about making a positive impact on the environment. As a Data Scientist, you will work closely with cross-functional teams to design and implement scalable data pipelines, analyze complex data sets, and communicate insights to stakeholders. If you have a background in statistics, computer science, or a related field, and are eager to apply your skills to drive business growth, we encourage you to apply. Our company supports work authorization processes, including visa sponsorship, to ensure that talented individuals from diverse backgrounds can join our team. Apply now to be part of a dynamic team that is shaping the future of sustainability."
32,Product Designer,EcoCycle Inc.,"Vancouver, Canada","Join our dynamic team at EcoCycle Inc. as a Product Designer. This role offers H1B sponsorship to qualified candidates who can contribute to creating innovative, eco-friendly products. As a Product Designer, you will be responsible for designing user-centered products that minimize environmental impact. Your expertise in sustainable design principles and experience with product development software will be valuable assets to our team. If you are passionate about creating a better future for our planet, we encourage you to apply."
33,Data Scientist,GreenTech Inc.,"San Francisco, USA","As a Data Scientist at GreenTech Inc., you will develop predictive models and machine learning algorithms to drive business growth. This position offers H1B sponsorship to qualified candidates. You will work closely with cross-functional teams to integrate data-driven insights into product development. If you are passionate about using data to drive innovation, we encourage you to apply. Our company supports work authorization processes, including visa sponsorship. Apply now to join our dynamic team of data enthusiasts!"
34,Data Scientist,GreenTech Inc.,"San Francisco, USA","We are seeking a Data Scientist to join our team in San Francisco. This position offers H1B sponsorship to qualified candidates. As a Data Scientist, you will be responsible for developing predictive models and analyzing complex data sets to inform business decisions. Our company supports work authorization processes, including visa sponsorship. You will collaborate with cross-functional teams to drive business growth and improve customer engagement. We are looking for a highly motivated individual with a strong background in machine learning and data analysis. If you are passionate about using data to drive business outcomes, we encourage you to apply. We offer a competitive salary and benefits package, as well as opportunities for professional growth and development."
35,Data Analyst,GreenTech Solutions,"Vancouver, Canada","As a Data Analyst at GreenTech Solutions, you will be responsible for analyzing large datasets to inform business decisions. Our company supports work authorization processes, including visa sponsorship, for qualified candidates. You will collaborate with cross-functional teams to develop data-driven solutions and drive business growth. If you are a detail-oriented and analytical individual with a passion for data, we encourage you to apply. Please note that candidates requiring visa sponsorship are welcome to apply, and we will provide necessary support. This position offers a competitive salary and comprehensive benefits package. Apply now to join our dynamic team and take your data analysis skills to the next level!"
36,Sustainability Consultant,EcoCycle Solutions,"Wellington, New Zealand","At EcoCycle Solutions, we strive to reduce our carbon footprint. This position offers H1B sponsorship to qualified candidates to work closely with our team in developing and implementing sustainable practices across various industries. With a focus on environmental conservation, you will be responsible for conducting feasibility studies, collaborating with cross-functional teams, and ensuring compliance with regulatory requirements. Our company supports work authorization processes, including visa sponsorship, for international candidates. If you are passionate about creating a greener future, please submit your application."
37,Digital Marketing Specialist,EcoCycle Inc.,"Wellington, New Zealand","We are seeking a dynamic Digital Marketing Specialist to join our team. This role offers H1B sponsorship to qualified candidates who can help us develop and implement innovative marketing strategies. As a key member of our marketing team, you will be responsible for creating engaging content, managing social media campaigns, and analyzing website metrics to optimize user experience. Our company supports work authorization processes, including visa sponsorship, to ensure we attract the best talent from around the world. If you have a passion for digital marketing and a keen eye for detail, we encourage you to apply."
38,Data Scientist,GreenTech Solutions,"Vancouver, Canada","As a Data Scientist at GreenTech Solutions, you will play a key role in developing and implementing predictive models to drive business growth. This position offers H1B sponsorship to qualified candidates who are passionate about working with our team to analyze complex data sets and create actionable insights. You will be responsible for designing and executing experiments, developing and deploying machine learning models, and communicating results to stakeholders. Our company supports work authorization processes, including visa sponsorship, for eligible candidates. If you are a detail-oriented and creative problem-solver who is eager to make a meaningful impact, we encourage you to apply. Our collaborative and dynamic work environment is the perfect place for you to grow and develop your skills. We look forward to hearing from you!"
39,Data Scientist,GreenTech Inc.,"San Francisco, USA","Join our innovative team at GreenTech Inc. as a Data Scientist. This position offers H1B sponsorship to qualified candidates who can drive business growth through data analysis and visualization. Collaborate with cross-functional teams to develop scalable data solutions, and work with our experienced data engineers to integrate data from various sources. In this role, you will have the opportunity to work on diverse projects, including predictive modeling, data mining, and business intelligence. If you are passionate about using data to drive business decisions, we encourage you to apply. We support work authorization processes, including visa sponsorship, for the right candidate."
40,Data Scientist,GreenTech Solutions,"San Francisco, USA","As a Data Scientist at GreenTech Solutions, you will play a crucial role in developing and implementing data-driven solutions to drive business growth. This position offers H1B sponsorship to qualified candidates, ensuring that talented individuals from around the world can join our team. You will work closely with cross-functional teams to design and deploy machine learning models, and collaborate with data engineers to develop scalable data pipelines. If you are a motivated and detail-oriented individual with a passion for data analysis, we encourage you to apply. We welcome candidates requiring visa sponsorship to join our dynamic team."
41,UX Designer,GreenTech Inc.,"San Francisco, USA","Join our team of innovative designers at GreenTech Inc. as a UX Designer. This role offers H1B sponsorship to qualified candidates. As a UX Designer, you will collaborate with our cross-functional team to develop user-centered design solutions that drive business growth. If you're passionate about crafting seamless user experiences, we encourage you to apply. Our company supports work authorization processes, including visa sponsorship, for the right candidate. In this role, you will be responsible for researching user needs, creating wireframes and prototypes, and testing design solutions. If you require visa sponsorship, you are welcome to apply. We offer a competitive salary and benefits package, including health insurance, retirement plan, and professional development opportunities."
42,Sustainability Manager,EcoCycle Inc.,"Wellington, New Zealand","As a Sustainability Manager at EcoCycle Inc., you will be responsible for developing and implementing environmentally friendly practices across our operations. This position offers H1B sponsorship to qualified candidates who are passionate about reducing waste and promoting eco-friendly solutions. You will collaborate with our cross-functional teams to create scalable and sustainable business models, ensuring our company remains at the forefront of environmental innovation. Your expertise will be invaluable in shaping our sustainability strategy, and we welcome candidates requiring visa sponsorship to apply. With a strong focus on community engagement, you will work closely with local stakeholders to develop and implement initiatives that promote sustainable living. If you are a motivated and innovative professional with a passion for sustainability, we encourage you to apply for this exciting opportunity. Our company supports work authorization processes, including visa sponsorship, to ensure our team members can thrive in their roles. Join us in our mission to create a more sustainable future for all."
43,Data Scientist,EcoCycle Inc.,"Vancouver, Canada","We're seeking an experienced Data Scientist to join our team at EcoCycle Inc., a leading provider of sustainable waste management solutions. This position offers H1B sponsorship to qualified candidates who can contribute to our mission of reducing waste and promoting eco-friendly practices. As a Data Scientist, you will be responsible for developing and implementing data-driven strategies to optimize our waste collection and recycling processes. You will work closely with our cross-functional teams to design and analyze experiments, and collaborate with our engineering team to integrate new data pipelines and visualizations. If you are passionate about using data to drive positive change and require visa sponsorship, we encourage you to apply."
44,Data Scientist,EcoCycle Inc.,"Vancouver, Canada","We're seeking a talented Data Scientist to join our team in Vancouver, Canada. This position offers H1B sponsorship to qualified candidates who can drive business growth through data-driven insights. As a Data Scientist, you'll develop and deploy machine learning models to improve our waste management services. Our company supports work authorization processes, including visa sponsorship, for the right candidate. If you're passionate about sustainability and data analysis, please apply. In this role, you'll work closely with our cross-functional team to design and implement data visualizations, reports, and dashboards. You'll also collaborate with our engineering team to integrate data pipelines and ensure seamless data flow. Our company culture values innovation, teamwork, and continuous learning. We offer a competitive salary, comprehensive benefits, and opportunities for professional growth. If you're ready to make a meaningful impact in the environmental sector, apply now!"
45,Sustainability Consultant,EcoCycle Solutions,"Wellington, New Zealand","Join our team as a Sustainability Consultant and contribute to reducing carbon footprints. We offer H1B sponsorship to qualified candidates, providing a unique opportunity to work with a diverse team and develop innovative solutions. As a key member of our consulting team, you will collaborate with clients to assess and improve their environmental impact. This role involves conducting site assessments, developing strategies for sustainable practices, and implementing energy-efficient solutions. Our company supports work authorization processes, including visa sponsorship, to ensure the best talent joins our team. If you are passionate about sustainability and possess excellent analytical and communication skills, we encourage you to apply. We are committed to creating a work environment that fosters creativity, respect, and inclusivity. With a strong focus on professional development, we invest in our employees' growth and well-being. We welcome candidates requiring visa sponsorship to apply and look forward to hearing from you!"
46,UX Researcher,EcoCycle Inc.,"Vancouver, Canada","As a UX Researcher at EcoCycle Inc., you will play a key role in shaping our user experience strategy. This position offers H1B sponsorship to qualified candidates. In this role, you will conduct user interviews, surveys, and usability testing to inform our design decisions. Our company supports work authorization processes, including visa sponsorship. If you are passionate about creating user-centered experiences, we encourage you to apply. At EcoCycle Inc., we value diversity, equity, and inclusion. Our team is committed to fostering a culture that promotes collaboration, creativity, and growth. We are an equal opportunity employer and welcome candidates from all backgrounds. In this role, you will work closely with our cross-functional team to design and implement user research studies. You will also analyze data and present findings to inform our product roadmap. If you have a strong understanding of human-centered design principles and are comfortable with qualitative research methods, we want to hear from you. Please submit your resume, cover letter, and a portfolio of your work. We look forward to reviewing your application."
47,Data Analyst,GreenTech Inc.,"San Francisco, USA","As a Data Analyst at GreenTech Inc., you will be responsible for analyzing and interpreting large data sets to inform business decisions. This position offers H1B sponsorship to qualified candidates. You will work closely with our cross-functional team to develop data-driven solutions that drive business growth. If you are a detail-oriented and analytical individual with a passion for data, we encourage you to apply. We support work authorization processes, including visa sponsorship, for our international team members. Please submit your resume and a cover letter outlining your experience and qualifications. We look forward to hearing from you! Our company culture values innovation, collaboration, and continuous learning. We are committed to creating a diverse and inclusive work environment that fosters growth and development for all employees. If you are a motivated and results-driven professional with a strong work ethic, we want to hear from you. Please note that this position requires a bachelor's degree in a quantitative field and 2+ years of experience in data analysis. We offer a competitive salary and benefits package, as well as opportunities for professional growth and development."
48,Data Scientist,EcoCycle Inc.,"San Francisco, USA","Join our team of innovators at EcoCycle Inc. as a Data Scientist! We're a leader in sustainable waste management solutions, and we're seeking a talented data expert to help us drive growth and reduce our carbon footprint. This position offers H1B sponsorship to qualified candidates who can analyze complex data sets, develop predictive models, and collaborate with our cross-functional teams to drive business decisions. If you're passionate about using data to make a positive impact on the environment, we'd love to hear from you!"
49,Data Scientist,EcoCycle Inc.,"San Francisco, USA","We're seeking a Data Scientist to join our team. This position offers H1B sponsorship to qualified candidates. As a Data Scientist, you'll work with our cross-functional teams to develop scalable software solutions, analyze complex data sets, and drive business growth. Our company supports work authorization processes, including visa sponsorship. If you're passionate about using data to drive business decisions, we encourage you to apply. We're an equal opportunity employer and welcome candidates from diverse backgrounds. Our team is committed to fostering a culture of innovation, collaboration, and continuous learning. In this role, you'll have the opportunity to work on high-impact projects, collaborate with subject matter experts, and develop your skills in data analysis, machine learning, and data visualization. We offer a competitive salary, comprehensive benefits, and a dynamic work environment. If you're interested in this opportunity, please submit your application, including your resume and a cover letter, to [insert contact information]. We look forward to hearing from you!"
50,UX Designer,GreenTech Solutions,"Vancouver, Canada","As a UX Designer at GreenTech Solutions, you will have the opportunity to work on cutting-edge projects that focus on developing sustainable technologies. This position offers H1B sponsorship to qualified candidates who are passionate about making a positive impact on the environment. In this role, you will be responsible for designing user-centered experiences that drive business results and improve customer satisfaction. You will collaborate with cross-functional teams to develop scalable software solutions and work closely with our design and development teams to bring products to life. If you are a motivated and creative individual who is looking for a challenging role, we encourage you to apply. Candidates requiring visa sponsorship are welcome to apply."
51,UX Designer,Green Earth Inc.,"Wellington, New Zealand","Join our innovative team at Green Earth Inc. as a UX Designer to help craft intuitive experiences for our customers. This role offers H1B sponsorship to qualified candidates who can bring fresh perspectives and a passion for design. As a key member of our cross-functional team, you will work closely with developers, product managers, and other stakeholders to create user-centered solutions. With a focus on sustainability and environmental responsibility, we strive to make a positive impact on the world. Our company supports work authorization processes, including visa sponsorship, to ensure that talented individuals like you can join our team and contribute to our mission. In this role, you will be responsible for conducting user research, creating wireframes and prototypes, and collaborating with our engineering team to bring designs to life. If you're a creative problem-solver with a passion for user experience, we encourage you to apply and take the first step towards joining our dynamic team. Apply now to become a part of our journey to create a more sustainable future."
52,Data Scientist,GlobalTech Solutions,"San Francisco, USA","We are seeking a highly motivated Data Scientist to join our team. This position offers H1B sponsorship to qualified candidates. As a Data Scientist, you will be responsible for developing and deploying machine learning models to drive business growth. You will work closely with cross-functional teams to design and implement data-driven solutions. If you are passionate about data analysis and want to make a real impact, please apply. Our company supports work authorization processes, including visa sponsorship, for the right candidate. Apply now and take the first step towards a rewarding career."
53,Data Scientist,GreenTech Innovations,"Vancouver, Canada","As a Data Scientist at GreenTech Innovations, you will work closely with our cross-functional teams to develop and implement data-driven solutions. This position offers H1B sponsorship to qualified candidates who will drive business growth and improve our data analysis capabilities. With a focus on sustainability and environmental responsibility, you will analyze complex data sets to inform business decisions and develop strategies to reduce our carbon footprint. If you require visa sponsorship, you are welcome to apply. Our company supports work authorization processes, including visa sponsorship, to ensure we attract the best talent from around the world. This role involves collaborating with our data engineering team to design and implement scalable data pipelines, as well as working with our business stakeholders to develop actionable insights that drive business outcomes. If you are passionate about using data to drive positive change, we encourage you to apply. Our company culture values diversity, equity, and inclusion, and we are committed to creating a workplace where everyone feels valued and supported."
54,UX Designer,EcoCycle Inc.,"Vancouver, Canada","Join our team of innovators as a UX Designer and play a key role in shaping the future of sustainable living. This position offers H1B sponsorship to qualified candidates. You will collaborate with our cross-functional team to design and develop user-centered experiences for our eco-friendly products. If you're passionate about making a positive impact on the environment, we encourage you to apply. We support work authorization processes, including visa sponsorship, to ensure our team members can thrive in their roles."
55,Data Scientist,GreenTech Innovations,"San Francisco, USA","Join our team of passionate data scientists as we develop AI-powered solutions for environmental sustainability. We offer H1B sponsorship to qualified candidates who can contribute to our mission. Collaborate with our cross-functional team to design and implement data-driven projects that drive business growth and reduce our carbon footprint. If you're passionate about data science and making a positive impact, we encourage you to apply for this exciting opportunity. We support work authorization processes, including visa sponsorship, to ensure our talented team members can thrive in the US."
56,Product Designer,GreenTech Innovations,"Vancouver, Canada","Join our team of passionate designers at GreenTech Innovations! This Product Designer role offers a unique opportunity to craft user-centric experiences that drive sustainability. As a key member of our product team, you will collaborate with cross-functional teams to design and develop innovative products that promote eco-friendly living. We provide H1B sponsorship to qualified candidates who are passionate about making a positive impact on the environment."
57,Data Scientist,GreenTech Inc.,"London, UK","Join our team of data enthusiasts at GreenTech Inc. as a Data Scientist. We're a leading provider of renewable energy solutions, and we're looking for someone to help us drive innovation. This position offers H1B sponsorship to qualified candidates who can develop and implement predictive models, collaborate with cross-functional teams, and communicate insights to stakeholders. If you're passionate about sustainability and data-driven decision-making, we'd love to hear from you. Apply now to be a part of our mission to create a cleaner, greener future."
58,UX Researcher,EcoCycle Inc.,"Vancouver, Canada","As a UX Researcher at EcoCycle Inc., you will be responsible for developing and implementing user research strategies to inform product design decisions. Our company supports work authorization processes, including visa sponsorship, for qualified candidates. Collaborate with cross-functional teams to design and develop scalable software solutions that meet user needs. We value diversity and inclusion, and we welcome candidates from all backgrounds. This position offers H1B sponsorship to qualified candidates who require visa sponsorship. If you have a passion for user-centered design and a knack for crafting compelling narratives, we'd love to hear from you. In this role, you will have the opportunity to work on a wide range of projects, from concept development to launch. Our company culture is dynamic and fast-paced, with a strong emphasis on innovation and creativity."
59,Data Analyst,GreenTech Inc.,"Vancouver, Canada","We are seeking a Data Analyst to join our team. This position offers H1B sponsorship to qualified candidates. As a Data Analyst, you will work closely with cross-functional teams to develop data-driven solutions. Our company supports work authorization processes, including visa sponsorship. If you are a detail-oriented individual with excellent analytical skills, we encourage you to apply. In this role, you will be responsible for data analysis, reporting, and visualization. Our company culture values collaboration, innovation, and continuous learning. We are an equal opportunity employer and welcome applicants from diverse backgrounds."
60,UX Designer,GreenTech Innovations,"San Francisco, USA","Join our team as a UX Designer and contribute to the development of cutting-edge software solutions. As a UX Designer at GreenTech Innovations, you will be responsible for creating user-centered designs that meet the needs of our diverse customer base. This position offers H1B sponsorship to qualified candidates who can bring innovative ideas and a passion for user experience to our team. Our company supports work authorization processes, including visa sponsorship, for the right individuals. In this role, you will work closely with cross-functional teams to design and implement user-friendly interfaces that drive customer engagement and satisfaction. If you are a creative problem solver with a keen eye for detail, we encourage you to apply for this exciting opportunity."
61,Data Scientist,EcoCycle Inc.,"Vancouver, Canada","Join our team of environmental experts as a Data Scientist to develop predictive models for waste management. This position offers H1B sponsorship to qualified candidates. Collaborate with our cross-functional team to analyze data and drive business growth. You will be responsible for designing and implementing data visualizations, conducting statistical analysis, and creating data-driven recommendations. Our company supports work authorization processes, including visa sponsorship, to ensure we attract the best talent from around the world. If you have a passion for sustainability and a background in data science, we encourage you to apply. We offer a competitive salary, comprehensive benefits, and a dynamic work environment that fosters innovation and growth."
62,Data Scientist,GreenTech Inc.,"San Francisco, USA","Join our team at GreenTech Inc. as a Data Scientist and contribute to the development of sustainable energy solutions. This position offers H1B sponsorship to qualified candidates who can analyze complex data sets, design predictive models, and collaborate with cross-functional teams to drive business growth. As a Data Scientist, you will be responsible for developing and implementing data-driven strategies, working closely with our product development team to integrate machine learning algorithms, and staying up-to-date with the latest industry trends and technologies. If you are passionate about data science and want to make a positive impact on the environment, apply today!"
63,UX Designer,GreenTech Innovations,"Wellington, New Zealand","We're a tech startup that creates sustainable solutions for the future. As our new UX Designer, you'll be responsible for crafting user-centered experiences that inspire action. This position offers H1B sponsorship to qualified candidates who can contribute to our mission. If you're passionate about making a difference, please apply."
64,Data Scientist,GreenTech Inc.,"San Francisco, USA","As a Data Scientist at GreenTech Inc., you will develop predictive models to optimize our renewable energy solutions. We offer H1B sponsorship to qualified candidates and encourage a diverse team of experts to join our mission. With a collaborative work environment and a passion for innovation, you will have the opportunity to drive business growth and contribute to a sustainable future. Our company supports work authorization processes, including visa sponsorship, to ensure that talented individuals from around the world can thrive in our team. If you are a motivated and detail-oriented professional with a background in data analysis, we invite you to apply for this exciting role."
65,Data Scientist,GreenTech Solutions,"San Francisco, USA","Join our team as a Data Scientist to drive business growth through data-driven insights. We offer H1B sponsorship to qualified candidates who can develop predictive models and collaborate with cross-functional teams to drive innovation. If you're passionate about leveraging data to inform business decisions, we'd love to hear from you."
66,Data Scientist,GreenTech Inc.,"Vancouver, Canada","Join our team as a Data Scientist at GreenTech Inc. in Vancouver, Canada. We're a leading provider of renewable energy solutions, and we're looking for a skilled Data Scientist to help us drive innovation and growth. This position offers H1B sponsorship to qualified candidates. As a Data Scientist, you will work closely with our cross-functional team to develop and deploy machine learning models that drive business outcomes. You will be responsible for collecting and analyzing large datasets, identifying trends and insights, and communicating your findings to stakeholders. Our company supports work authorization processes, including visa sponsorship, for the right candidates. If you're passionate about using data to drive business decisions and have a strong background in machine learning, we encourage you to apply. We offer a competitive salary, comprehensive benefits package, and opportunities for professional growth and development. Apply now and become a part of our dynamic team!"
67,Data Scientist,GreenTech Solutions Inc.,"Vancouver, Canada","Join our team as a Data Scientist and drive business growth through data-driven insights. This role offers H1B sponsorship to qualified candidates, allowing you to work on cutting-edge projects while developing your skills in machine learning, statistical modeling, and data visualization. Collaborate with cross-functional teams to design and implement data strategies that meet business objectives. Our company supports work authorization processes, including visa sponsorship, to ensure our team members can thrive in their roles. As a Data Scientist, you will have the opportunity to work on diverse projects, from predictive modeling to data storytelling. If you're passionate about data and want to make a meaningful impact, apply now! We welcome candidates requiring visa sponsorship to apply and offer a comprehensive relocation package to support your transition to Canada. With a strong focus on work-life balance, our company culture emphasizes employee well-being and professional development. Apply now to join our team and start your journey as a Data Scientist in a dynamic and supportive environment."
68,Artificial Intelligence Engineer,Innovatech Solutions,"San Francisco, USA","Join our team of innovators and contribute to the development of cutting-edge AI solutions. We offer H1B sponsorship to qualified candidates and a dynamic work environment that fosters collaboration and creativity. As an AI Engineer, you will work on designing and implementing intelligent systems that drive business growth and improve customer experiences. Our company culture values diversity, inclusion, and employee well-being, and we provide a comprehensive benefits package, including visa sponsorship, to support your career development and work-life balance. We are looking for a highly skilled and motivated individual who can work effectively in a fast-paced environment and contribute to our mission of making a positive impact on society through technology. If you are passionate about AI and want to be part of a team that is shaping the future, we encourage you to apply. Please note that candidates requiring visa sponsorship are welcome to apply, and we will support their work authorization processes, including visa sponsorship, to ensure a smooth transition to our team."
69,Art Director,Creative Fusion Inc.,"Tokyo, Japan","As an Art Director at Creative Fusion Inc., you will oversee the visual identity of our global brand. This role offers H1B sponsorship to qualified candidates who are passionate about creating innovative designs. Collaborate with cross-functional teams to develop a cohesive brand strategy that resonates with our diverse customer base. With a keen eye for detail and a passion for creativity, you will lead a team of designers to produce stunning visual content that drives engagement and loyalty. Our company supports work authorization processes, including visa sponsorship, for the right candidate. Join our dynamic team in Tokyo, Japan, and be part of shaping the future of our brand."
70,Data Scientist,EcoCycle Inc.,"Vancouver, Canada","As a Data Scientist at EcoCycle Inc., you will analyze large datasets to optimize our waste management systems. We offer H1B sponsorship to qualified candidates who can develop and implement data-driven solutions to reduce waste and increase recycling rates. This is a unique opportunity to work with a team of passionate individuals who are dedicated to creating a more sustainable future. If you are a detail-oriented and creative problem-solver, please apply. We encourage candidates requiring visa sponsorship to apply and support work authorization processes, including visa sponsorship."
71,Data Scientist,GreenTech Inc.,"San Francisco, USA","We're a cutting-edge tech firm that leverages data to drive innovation. This Data Scientist position offers H1B sponsorship to qualified candidates. Collaborate with our cross-functional team to develop scalable data solutions and drive business growth. Join our dynamic company culture and contribute to making a positive impact on the environment. Requirements include a master's degree in a quantitative field, 3+ years of experience in data science, and proficiency in Python, R, or SQL."
72,Data Scientist,EcoCycle Technologies,"Vancouver, Canada","As a Data Scientist at EcoCycle Technologies, you will play a key role in driving business growth through data-driven decision making. This position offers H1B sponsorship to qualified candidates who can contribute to our team's success. You will work closely with cross-functional teams to develop scalable software solutions, analyze complex data sets, and create actionable insights to inform business strategy. If you're passionate about using data to drive positive change, we encourage you to apply."
73,Data Scientist,GreenTech Solutions Inc.,"Vancouver, Canada","Join our team of innovators and contribute to the development of AI-powered solutions for sustainable energy management. This position offers H1B sponsorship to qualified candidates who can lead data-driven projects and collaborate with cross-functional teams. If you're passionate about making a positive impact on the environment, we encourage you to apply. Our company supports work authorization processes, including visa sponsorship, to ensure the best talent from around the world can join our team."
74,Data Scientist,EcoCycle Inc.,"Vancouver, Canada","Join our team at EcoCycle Inc. as a Data Scientist and contribute to our mission of reducing waste through data-driven insights. This position offers H1B sponsorship to qualified candidates who are passionate about sustainable development. You will work closely with our cross-functional team to develop and implement data analytics solutions that drive business growth and environmental impact. If you require visa sponsorship, you are welcome to apply. Our company supports work authorization processes, including visa sponsorship, to ensure that we attract the best talent from around the world. As a Data Scientist at EcoCycle Inc., you will be responsible for collecting and analyzing large datasets, identifying trends and patterns, and developing predictive models to inform our waste reduction strategies. You will also collaborate with our marketing team to develop data-driven marketing campaigns that reach our target audience. If you are a detail-oriented and analytical individual with a passion for sustainability, we encourage you to apply for this exciting opportunity. We offer a competitive salary, comprehensive benefits package, and opportunities for professional growth and development."
75,Data Scientist,EcoCycle Inc.,"Vancouver, Canada","We're seeking a highly skilled Data Scientist to join our team. As a key member of our data analytics team, you'll play a crucial role in developing and implementing data-driven solutions to drive business growth. This position offers H1B sponsorship to qualified candidates. You'll work closely with cross-functional teams to design and execute data-driven initiatives, leveraging expertise in statistical modeling, machine learning, and data visualization. If you're passionate about working with complex data sets and driving business outcomes, we encourage you to apply. Candidates requiring visa sponsorship are welcome to apply. Our company supports work authorization processes, including visa sponsorship. In this role, you'll have the opportunity to work with a talented team of data scientists, engineers, and business stakeholders to develop innovative solutions to real-world problems. You'll be responsible for collecting, analyzing, and interpreting complex data sets to inform business decisions, and developing and maintaining data visualizations to communicate insights to stakeholders. If you're a motivated and detail-oriented individual with a passion for data science, we'd love to hear from you. Our company culture values collaboration, innovation, and continuous learning, and we offer a comprehensive benefits package, including medical, dental, and vision insurance, as well as a 401(k) matching program. Our company is committed to diversity, equity, and inclusion, and we welcome applications from qualified candidates from diverse backgrounds. We're an equal opportunity employer and welcome applications from candidates requiring visa sponsorship. We look forward to hearing from you!"
76,UX Designer,EcoCycle Inc.,"San Francisco, USA","Join our dynamic team at EcoCycle Inc. as a UX Designer and contribute to creating innovative solutions for sustainable waste management. As a key member of our product development team, you will work closely with cross-functional teams to design user-centered experiences. This position offers H1B sponsorship to qualified candidates who are passionate about shaping the future of environmental technology. With a strong portfolio and a keen eye for detail, you will be responsible for leading design projects, collaborating with engineers, and ensuring seamless user experiences. If you're a creative problem solver with a passion for sustainability, we encourage you to apply. Our company supports work authorization processes, including visa sponsorship, to ensure that talented individuals from diverse backgrounds can join our team. Apply now and be part of a movement that's transforming the way we think about waste management."
77,Data Scientist,GreenTech Inc.,"Vancouver, Canada","Join our team as a Data Scientist and contribute to developing predictive models for sustainable energy solutions. We offer H1B sponsorship to qualified candidates who can drive innovation and collaboration. As a key member of our data science team, you'll work closely with engineers and researchers to design and implement scalable data pipelines, ensuring seamless integration with our existing infrastructure. With a strong focus on continuous learning and professional growth, our company supports work authorization processes, including visa sponsorship, to bring the best talent on board. In this role, you'll have the opportunity to develop your skills in machine learning, data visualization, and statistical analysis, while working on projects that have a direct impact on the environment. If you're passionate about using data to drive positive change, we encourage you to apply."
78,UX Designer,GreenTech Solutions,"Tokyo, Japan","At GreenTech Solutions, we're passionate about creating innovative and user-centered experiences. This UX Designer role offers H1B sponsorship to qualified candidates who will join our cross-functional team to design and develop cutting-edge products. If you're a motivated and creative individual with a passion for user experience, we encourage you to apply. Our company supports work authorization processes, including visa sponsorship, to ensure that talented individuals from around the world can join our team."
79,Product Designer,GreenTech Inc.,"Vancouver, Canada","We're a mission-driven company that designs and manufactures eco-friendly products. This role will involve collaborating with our cross-functional team to develop innovative product designs. Our company supports work authorization processes, including visa sponsorship, to ensure that talented individuals can join our team. If you're passionate about sustainability and have experience in product design, we'd love to hear from you. As a Product Designer at GreenTech Inc., you'll have the opportunity to work on exciting projects that align with our company values. We're looking for someone who can think creatively, communicate effectively, and thrive in a fast-paced environment. Please note that we offer H1B sponsorship to qualified candidates, so don't let visa concerns hold you back from applying. We're committed to building a diverse and inclusive team, and we encourage candidates from underrepresented groups to apply. In this role, you'll be responsible for leading design projects from concept to launch, working closely with our engineering and manufacturing teams to ensure that our products meet the highest standards of quality and sustainability. If you're passionate about making a positive impact on the environment and have a strong portfolio of design work, we'd love to hear from you. We offer a competitive salary and benefits package, as well as opportunities for professional growth and development. Please submit your application, including your resume, cover letter, and portfolio, to be considered for this exciting opportunity."
80,Data Scientist,GreenTech Innovations,"San Francisco, USA","As a Data Scientist at GreenTech Innovations, you will lead the development of predictive models to drive business growth. This position offers H1B sponsorship to qualified candidates who can analyze complex data sets and deliver actionable insights. Join our team of innovators and contribute to the creation of cutting-edge technology solutions. With a focus on sustainability, our company supports work authorization processes, including visa sponsorship, to attract top talent from around the world. You will collaborate with cross-functional teams to develop scalable software solutions and drive business outcomes. If you require visa sponsorship, you are welcome to apply for this exciting opportunity. Our company culture values diversity, equity, and inclusion, and we are committed to fostering a collaborative and innovative work environment. We offer competitive compensation and benefits packages to our employees, including comprehensive health insurance, retirement plans, and generous paid time off. If you are a motivated and detail-oriented individual with a passion for data analysis, we encourage you to apply for this role."
81,Data Scientist,GreenTech Inc.,"San Francisco, USA","Join our dynamic team as a Data Scientist and play a key role in driving business growth through data-driven insights. This position offers H1B sponsorship to qualified candidates who can develop and implement predictive models to enhance our product offerings. Collaborate with cross-functional teams to design and execute experiments, and contribute to the development of data products that drive business outcomes. If you're passionate about using data to tell stories and drive business decisions, we encourage you to apply. Candidates requiring visa sponsorship are welcome to apply. Our company supports work authorization processes, including visa sponsorship, to ensure our team members can focus on what matters most  delivering exceptional results."
82,UX Designer,GreenTech Solutions Inc.,"San Francisco, USA","We're seeking an innovative UX Designer to join our team at GreenTech Solutions Inc. in San Francisco, USA. This position offers H1B sponsorship to qualified candidates who can develop user-centered design solutions for our cutting-edge environmental software. If you're passionate about creating intuitive interfaces and collaborating with cross-functional teams, we'd love to hear from you. Our company supports work authorization processes, including visa sponsorship, to ensure our diverse team can thrive. As a UX Designer, you'll be responsible for conducting user research, designing prototypes, and testing usability. If you're looking for a challenging role that combines creativity and technical skills, apply now and take the first step towards a rewarding career with GreenTech Solutions Inc. We're an equal opportunity employer committed to fostering an inclusive work environment."
83,Environmental Consultant,EcoCycle Inc.,"Wellington, New Zealand","Join our dynamic team as an Environmental Consultant and contribute to sustainable waste management solutions. This role offers H1B sponsorship to qualified candidates with a passion for environmental conservation. Collaborate with our cross-functional team to develop and implement eco-friendly strategies, ensuring compliance with local regulations. Our company supports work authorization processes, including visa sponsorship, for talented individuals who share our vision for a greener future."
84,Data Analyst,Global Insights Inc.,"San Francisco, USA","Join our team at Global Insights Inc. as a Data Analyst and contribute to driving business growth through data-driven decisions. This position offers H1B sponsorship to qualified candidates who can collaborate with cross-functional teams to develop and maintain databases, perform data analysis, and create data visualizations. Our company supports work authorization processes, including visa sponsorship, to ensure a diverse and talented team."
85,Data Scientist,GreenTech Inc.,"San Francisco, USA","As a Data Scientist at GreenTech Inc., you will work closely with cross-functional teams to develop predictive models that inform business decisions. This position offers H1B sponsorship to qualified candidates. In this role, you will design and implement experiments to measure the effectiveness of our products and services. You will analyze large datasets to identify trends and areas for improvement. If you are a detail-oriented and analytical individual with a passion for data, we encourage you to apply. Candidates requiring visa sponsorship are welcome to apply. Our company supports work authorization processes, including visa sponsorship. We are committed to fostering a culture of innovation and collaboration, and we believe that our team is the best in the business. We are looking for a highly motivated and experienced Data Scientist to join our team. The ideal candidate will have a strong background in statistics and machine learning, and experience working with big data technologies such as Hadoop and Spark. If you are interested in this exciting opportunity, please submit your resume and a cover letter explaining why you are the perfect fit for this role. We can't wait to hear from you!"
86,UX Designer,TechCorp,"San Francisco, USA","This UX designer role offers H1B sponsorship to qualified candidates who can drive user experience improvements for our mobile app. Collaborate with cross-functional teams to develop innovative solutions, and work closely with stakeholders to understand design requirements. Our company supports work authorization processes, including visa sponsorship, for the right candidate. If you're passionate about creating seamless user experiences, we'd love to hear from you."
87,UX Designer,GreenTech Solutions,"Wellington, New Zealand","At GreenTech Solutions, we're passionate about creating sustainable solutions for a better future. As a UX Designer, you'll play a key role in shaping our product vision. This position offers H1B sponsorship to qualified candidates who can collaborate with our cross-functional team to develop user-centered designs. With a focus on innovation and customer experience, you'll have the opportunity to grow with our company and make a real impact. If you're passionate about sustainable design and require visa sponsorship, we encourage you to apply."
88,Data Analyst,GreenTech Inc.,"Vancouver, Canada","As a Data Analyst at GreenTech Inc., you will play a key role in driving business growth by analyzing data to inform business decisions. This position offers H1B sponsorship to qualified candidates. You will work closely with cross-functional teams to develop data-driven solutions, collaborate with stakeholders to identify business needs, and communicate findings through reports and presentations. If you are a motivated individual with a passion for data analysis and a desire to make a meaningful impact, we encourage you to apply. Our company supports work authorization processes, including visa sponsorship, for the right candidate. You will have the opportunity to work on a variety of projects, from data visualization to predictive modeling, and contribute to the growth and success of our organization. We offer a dynamic and inclusive work environment, competitive salary, and opportunities for professional development. Candidates requiring visa sponsorship are welcome to apply. We look forward to hearing from you!"
89,Data Analyst,GreenTech Inc.,"San Francisco, USA","We are seeking a highly motivated Data Analyst to join our team in San Francisco. This position offers H1B sponsorship to qualified candidates who can analyze complex data sets and provide actionable insights to drive business growth. As a Data Analyst, you will work closely with cross-functional teams to develop scalable software solutions, ensuring seamless integration with existing systems. If you require visa sponsorship, we welcome you to apply. Our company supports work authorization processes, including visa sponsorship, to ensure that our team members can focus on delivering exceptional results. In this role, you will have the opportunity to work on a variety of projects, from data visualization to predictive modeling, and contribute to the development of our company's data analytics capabilities. We offer a dynamic work environment, competitive salary, and comprehensive benefits package. If you are a detail-oriented and results-driven individual with a passion for data analysis, we encourage you to apply for this exciting opportunity."
90,Data Analyst,GreenTech Inc.,"San Francisco, USA","As a Data Analyst at GreenTech Inc., you will play a key role in helping our team make data-driven decisions. This position offers H1B sponsorship to qualified candidates who can analyze complex data sets and develop actionable insights. Our team is passionate about using data to drive innovation and improve our services. If you have a strong background in data analysis and are looking for a challenging role, please apply. We welcome candidates requiring visa sponsorship and are committed to supporting work authorization processes. Our company culture values collaboration, creativity, and continuous learning. If you are a detail-oriented and analytical individual who is passionate about data, we encourage you to join our team. We look forward to reviewing your application."
91,Data Scientist,GreenTech Inc.,"San Francisco, USA","As a Data Scientist at GreenTech Inc., you will develop and deploy machine learning models to improve our energy-efficient solutions. We offer H1B sponsorship to qualified candidates who can collaborate with our cross-functional teams to drive business growth. Our company culture values innovation and teamwork, with a focus on making a positive impact on the environment. If you are passionate about data analysis and machine learning, please join our team."
92,Data Scientist,EcoCycle Inc.,"Vancouver, Canada","We're seeking a Data Scientist to join our team in Vancouver, Canada. This position offers H1B sponsorship to qualified candidates who can develop and implement data-driven solutions to drive business growth. As a Data Scientist at EcoCycle Inc., you will collaborate with cross-functional teams to design and analyze experiments, build predictive models, and communicate insights to stakeholders. If you're passionate about working with data and have experience in machine learning, we encourage you to apply. Candidates requiring visa sponsorship are welcome to apply. Our company supports work authorization processes, including visa sponsorship. Please submit your resume and a cover letter outlining your experience in data science and your vision for how you can contribute to our team."
93,Data Scientist,EcoCycle Inc.,"Vancouver, Canada","As a Data Scientist at EcoCycle Inc., you will work with our cross-functional teams to develop data-driven solutions that support our mission to reduce waste in the community. This position offers H1B sponsorship to qualified candidates who are passionate about sustainability and data analysis. You will have the opportunity to work with a diverse range of data sets and develop predictive models to inform our waste reduction strategies. If you are a motivated and detail-oriented individual who is excited about the intersection of data science and sustainability, we encourage you to apply. We support work authorization processes, including visa sponsorship, for the right candidate."
94,UX Researcher,GreenTech Inc.,Singapore,"As a UX Researcher at GreenTech Inc., you will have the opportunity to collaborate with cross-functional teams to develop user-centered design solutions. This role offers H1B sponsorship to qualified candidates who are passionate about creating innovative products. If you are a detail-oriented individual with excellent communication skills, please apply. You will be responsible for conducting user research, analyzing data, and creating actionable insights to inform product development. Our company supports work authorization processes, including visa sponsorship, to ensure that the best talent from around the world can join our team. You will have the flexibility to work on a variety of projects, from mobile apps to enterprise software, and will have the opportunity to work with a talented team of designers, engineers, and product managers. If you are a motivated and creative individual who is passionate about user experience, we encourage you to apply for this exciting opportunity. Please note that sponsorship is available for eligible candidates who require visa assistance."
95,Data Scientist,GreenTech Inc.,"San Francisco, USA","As a Data Scientist at GreenTech Inc., you will work on developing machine learning models to predict energy consumption patterns. We offer H1B sponsorship to qualified candidates to join our team of data experts. You will collaborate with cross-functional teams to design and implement data-driven solutions. If you require visa sponsorship, you are welcome to apply. Our company supports work authorization processes, including visa sponsorship. With a focus on sustainability, we strive to make a positive impact on the environment. We are looking for a talented Data Scientist to join our team in San Francisco, USA. If you are passionate about data science and want to work with a team that shares your values, please submit your application. We offer a competitive salary and benefits package, as well as opportunities for professional growth and development. Our company culture is collaborative, innovative, and fun. We believe in work-life balance and offer flexible working arrangements to support your well-being."
96,Data Scientist,GreenTech Inc.,"San Francisco, USA","Join our innovative team as a Data Scientist and contribute to developing cutting-edge AI models. This position offers H1B sponsorship to qualified candidates who will collaborate with cross-functional teams to drive business growth. Our company supports work authorization processes, including visa sponsorship, to ensure a diverse and inclusive work environment. With a strong focus on data-driven decision-making, you will work with our data engineers to design and implement scalable data pipelines. Your expertise in machine learning and statistical modeling will help us make data-driven decisions and drive business outcomes. If you require visa sponsorship, you are welcome to apply. We offer a competitive salary, comprehensive benefits package, and opportunities for professional growth and development."
97,Data Scientist,EcoCycle Inc.,"Vancouver, Canada","Join our team as a Data Scientist at EcoCycle Inc. and contribute to the development of innovative waste management solutions. This position offers H1B sponsorship to qualified candidates. Collaborate with cross-functional teams to design and implement data-driven strategies, leveraging expertise in machine learning and data visualization. Our company supports work authorization processes, including visa sponsorship, for talented individuals from diverse backgrounds. As a Data Scientist, you will analyze complex data sets, identify trends, and provide actionable insights to drive business growth. If you're passionate about environmental sustainability and data-driven decision making, apply today!"
98,UX Designer,GreenTech Inc.,"Vancouver, Canada","We're seeking a UX designer to join our team in Vancouver, Canada. This position offers H1B sponsorship to qualified candidates. As a UX designer, you will be responsible for creating user-centered designs that meet the needs of our customers. Our company supports work authorization processes, including visa sponsorship, to ensure that we can attract the best talent from around the world. If you're passionate about designing intuitive and engaging user experiences, we'd love to hear from you. Please submit your portfolio and a brief cover letter outlining your experience and qualifications. We can't wait to see your work!"
99,Data Scientist,EcoCycle Solutions,"Cape Town, South Africa","As a Data Scientist at EcoCycle Solutions, you will lead the development of AI-powered waste management systems, working closely with our cross-functional team to drive innovation and sustainability. This position offers H1B sponsorship to qualified candidates who are passionate about using data-driven insights to create a more environmentally conscious world. You will design and implement predictive models to optimize waste collection routes and develop real-time monitoring systems to track waste management metrics. Join our dynamic team and contribute to shaping the future of sustainable waste management."
