Job Title,Company Name,Location,Job Description,Visa Sponsorship
Cloud Engineer,DataWorks,"Dublin, Ireland","Become part of a dynamic team at DataWorks. As a Cloud Engineer, you'll tackle challenges in Dublin, Ireland with Visa assistance for qualified applicants.",Visa assistance for qualified applicants
IT Specialist,BuildPro Engineering,"Toronto, Canada","We are expanding our team at BuildPro Engineering and looking for a skilled IT Specialist in Toronto, Canada. Attractive benefits and Sponsorship for exceptional candidates.",Sponsorship for exceptional candidates
DevOps Engineer,MetroBuild Engineering,"New York, USA","We are expanding our team at MetroBuild Engineering and looking for a skilled DevOps Engineer in New York, USA. Attractive benefits and Relocation and visa assistance included.",Relocation and visa assistance included
Software Engineer,Quantum Leap Tech,"Toronto, Canada","We are expanding our team at Quantum Leap Tech and looking for a skilled Software Engineer in Toronto, Canada. Attractive benefits and Visa sponsorship provided.",Visa sponsorship provided
Mobile App Developer,MetroBuild Engineering,"Dubai, UAE","MetroBuild Engineering is seeking an experienced Mobile App Developer to join our team in Dubai, UAE. In this role, you will work on critical projects that involve cutting-edge technologies. Responsibilities include designing, implementing, and maintaining scalable systems, collaborating with cross-functional teams to understand business requirements, and ensuring solutions meet high standards of quality. You will have opportunities to innovate, automate, and optimize complex systems, driving efficiency across our platforms. Ideal candidates will have proven experience, strong technical skills, and a problem-solving mindset. We are committed to attracting top global talent, and Sponsorship support for international candidates. Relocation assistance is also available for international candidates. Key Responsibilities: - Develop, test, and deploy features that enhance system performance. - Collaborate closely with product managers and stakeholders to deliver timely solutions. - Debug and optimize existing systems for speed, scalability, and reliability. - Ensure the codebase is clean, efficient, and maintainable. - Mentor junior developers and share best practices. Skills & Requirements: - 3+ years of experience as a Mobile App Developer. - Proficiency in modern programming languages and frameworks. - Familiarity with cloud platforms and containerization tools. - Strong analytical, troubleshooting, and debugging skills. Benefits: - Competitive salary with performance-based incentives. - Comprehensive health insurance. - Generous leave policies. - Work visa sponsorship for exceptional candidates. - Opportunities to work on international projects and career growth.",Sponsorship support for international candidates
Cloud Engineer,Quantum Leap Tech,"Dublin, Ireland","Quantum Leap Tech is seeking an experienced Cloud Engineer to join our team in Dublin, Ireland. In this role, you will work on critical projects that involve cutting-edge technologies. Responsibilities include designing, implementing, and maintaining scalable systems, collaborating with cross-functional teams to understand business requirements, and ensuring solutions meet high standards of quality. You will have opportunities to innovate, automate, and optimize complex systems, driving efficiency across our platforms. Ideal candidates will have proven experience, strong technical skills, and a problem-solving mindset. We are committed to attracting top global talent, and Global mobility support. Relocation assistance is also available for international candidates.

Key Responsibilities:
- Develop, test, and deploy features that enhance system performance.
- Collaborate closely with product managers and stakeholders to deliver timely solutions.
- Debug and optimize existing systems for speed, scalability, and reliability.
- Ensure the codebase is clean, efficient, and maintainable.
- Mentor junior developers and share best practices.

Skills & Requirements:
- 3+ years of experience as a Cloud Engineer.
- Proficiency in modern programming languages and frameworks.
- Familiarity with cloud platforms and containerization tools.
- Strong analytical, troubleshooting, and debugging skills.

Benefits:
- Competitive salary with performance-based incentives.
- Comprehensive health insurance.
- Generous leave policies.
- Work visa sponsorship for exceptional candidates.
- Opportunities to work on international projects and career growth.",Global mobility support
Electrical Engineer,Nimbus Innovations,"Amsterdam, Netherlands","Nimbus Innovations is hiring a Electrical Engineer for our Amsterdam, Netherlands office. You'll collaborate with innovative teams and deliver high-quality solutions. Work permit assistance",Work permit assistance
Full Stack Developer,Tech Solutions Inc.,Singapore,"Exciting opportunity for a Full Stack Developer at Tech Solutions Inc., located in Singapore. Competitive pay and Work visa sponsorship included. Apply now!",Work visa sponsorship included
Solutions Architect,DataWorks,"Dublin, Ireland","At DataWorks, we are passionate about driving innovation and creating solutions that impact industries worldwide. As a Solutions Architect in our Dublin, Ireland office, you will play a key role in solving technical challenges and developing high-performance applications that scale seamlessly. Your expertise will drive the design and development of critical systems, ensuring they meet both functional and technical needs. Role Overview: You will join a high-performing team of engineers focused on building robust software. Responsibilities include gathering requirements, designing architectures, writing clean and modular code, and performing rigorous testing to ensure system stability. Work visa sponsorship included for the right candidate. Detailed Responsibilities: - Collaborate with engineering leads to define technical strategies. - Develop innovative solutions to complex business problems. - Participate in agile development cycles, including code reviews. - Enhance existing products and design next-generation systems. - Optimize application performance and ensure fault tolerance. We value creativity, teamwork, and persistence. The ideal candidate will be proactive, technically skilled, and eager to solve big problems. Join us in this exciting journey to redefine technology solutions. Perks: - Visa sponsorship and relocation assistance for international candidates. - Competitive salary with annual bonuses. - Flexible work arrangements. - Professional development programs to grow your career.",Work visa sponsorship included
Backend Developer,EcoTech Solutions,Singapore,Looking for your next challenge? Join EcoTech Solutions as a Backend Developer in Singapore and enjoy We provide full visa sponsorship.,We provide full visa sponsorship
Systems Analyst,MetroBuild Engineering,"Sydney, Australia","At MetroBuild Engineering, we are passionate about driving innovation and creating solutions that impact industries worldwide. As a Systems Analyst in our Sydney, Australia office, you will play a key role in solving technical challenges and developing high-performance applications that scale seamlessly. Your expertise will drive the design and development of critical systems, ensuring they meet both functional and technical needs. Role Overview: You will join a high-performing team of engineers focused on building robust software. Responsibilities include gathering requirements, designing architectures, writing clean and modular code, and performing rigorous testing to ensure system stability. Global mobility support for the right candidate. Detailed Responsibilities: - Collaborate with engineering leads to define technical strategies. - Develop innovative solutions to complex business problems. - Participate in agile development cycles, including code reviews. - Enhance existing products and design next-generation systems. - Optimize application performance and ensure fault tolerance. We value creativity, teamwork, and persistence. The ideal candidate will be proactive, technically skilled, and eager to solve big problems. Join us in this exciting journey to redefine technology solutions. Perks: - Visa sponsorship and relocation assistance for international candidates. - Competitive salary with annual bonuses. - Flexible work arrangements. - Professional development programs to grow your career.",Global mobility support
Front-End Developer,CodeWave,Singapore,"CodeWave is seeking an experienced Front-End Developer to join our team in Singapore. In this role, you will work on critical projects that involve cutting-edge technologies. Responsibilities include designing, implementing, and maintaining scalable systems, collaborating with cross-functional teams to understand business requirements, and ensuring solutions meet high standards of quality. You will have opportunities to innovate, automate, and optimize complex systems, driving efficiency across our platforms. Ideal candidates will have proven experience, strong technical skills, and a problem-solving mindset. We are committed to attracting top global talent, and Work visa sponsorship included. Relocation assistance is also available for international candidates. Key Responsibilities: - Develop, test, and deploy features that enhance system performance. - Collaborate closely with product managers and stakeholders to deliver timely solutions. - Debug and optimize existing systems for speed, scalability, and reliability. - Ensure the codebase is clean, efficient, and maintainable. - Mentor junior developers and share best practices. Skills & Requirements: - 3+ years of experience as a Front-End Developer. - Proficiency in modern programming languages and frameworks. - Familiarity with cloud platforms and containerization tools. - Strong analytical, troubleshooting, and debugging skills. Benefits: - Competitive salary with performance-based incentives. - Comprehensive health insurance. - Generous leave policies. - Work visa sponsorship for exceptional candidates. - Opportunities to work on international projects and career growth.",Work visa sponsorship included
Research Analyst,CodeWave,"Berlin, Germany","Looking for your next challenge? Join CodeWave as a Research Analyst in Berlin, Germany and enjoy We provide full visa sponsorship.",We provide full visa sponsorship
Data Scientist,FutureTech Co.,"Dublin, Ireland","Become part of a dynamic team at FutureTech Co.. As a Data Scientist, you'll tackle challenges in Dublin, Ireland with Relocation and visa assistance included.",Relocation and visa assistance included
Mobile App Developer,EcoTech Solutions,"Tokyo, Japan","We are expanding our team at EcoTech Solutions and looking for a skilled Mobile App Developer in Tokyo, Japan. Attractive benefits and Support for work permit and relocation.",Support for work permit and relocation
Cloud Engineer,InnoCore Solutions,"Toronto, Canada","InnoCore Solutions is seeking an experienced Cloud Engineer to join our team in Toronto, Canada. In this role, you will work on critical projects that involve cutting-edge technologies. Responsibilities include designing, implementing, and maintaining scalable systems, collaborating with cross-functional teams to understand business requirements, and ensuring solutions meet high standards of quality. You will have opportunities to innovate, automate, and optimize complex systems, driving efficiency across our platforms. Ideal candidates will have proven experience, strong technical skills, and a problem-solving mindset. We are committed to attracting top global talent, and Work visa sponsorship included. Relocation assistance is also available for international candidates. Key Responsibilities: - Develop, test, and deploy features that enhance system performance. - Collaborate closely with product managers and stakeholders to deliver timely solutions. - Debug and optimize existing systems for speed, scalability, and reliability. - Ensure the codebase is clean, efficient, and maintainable. - Mentor junior developers and share best practices. Skills & Requirements: - 3+ years of experience as a Cloud Engineer. - Proficiency in modern programming languages and frameworks. - Familiarity with cloud platforms and containerization tools. - Strong analytical, troubleshooting, and debugging skills. Benefits: - Competitive salary with performance-based incentives. - Comprehensive health insurance. - Generous leave policies. - Work visa sponsorship for exceptional candidates. - Opportunities to work on international projects and career growth.",Work visa sponsorship included
ML Engineer,Nimbus Innovations,Singapore,"At Nimbus Innovations, we are passionate about driving innovation and creating solutions that impact industries worldwide. As a ML Engineer in our Singapore office, you will play a key role in solving technical challenges and developing high-performance applications that scale seamlessly. Your expertise will drive the design and development of critical systems, ensuring they meet both functional and technical needs. Role Overview: You will join a high-performing team of engineers focused on building robust software. Responsibilities include gathering requirements, designing architectures, writing clean and modular code, and performing rigorous testing to ensure system stability. Visa assistance for qualified applicants for the right candidate. Detailed Responsibilities: - Collaborate with engineering leads to define technical strategies. - Develop innovative solutions to complex business problems. - Participate in agile development cycles, including code reviews. - Enhance existing products and design next-generation systems. - Optimize application performance and ensure fault tolerance. We value creativity, teamwork, and persistence. The ideal candidate will be proactive, technically skilled, and eager to solve big problems. Join us in this exciting journey to redefine technology solutions. Perks: - Visa sponsorship and relocation assistance for international candidates. - Competitive salary with annual bonuses. - Flexible work arrangements. - Professional development programs to grow your career.",Visa assistance for qualified applicants
Mechanical Engineer,Visionary Tech Ltd.,Singapore,"At Visionary Tech Ltd., we are passionate about driving innovation and creating solutions that impact industries worldwide. As a Mechanical Engineer in our Singapore office, you will play a key role in solving technical challenges and developing high-performance applications that scale seamlessly. Your expertise will drive the design and development of critical systems, ensuring they meet both functional and technical needs.

Role Overview:
You will join a high-performing team of engineers focused on building robust software. Responsibilities include gathering requirements, designing architectures, writing clean and modular code, and performing rigorous testing to ensure system stability. Relocation and visa supported for the right candidate.

Detailed Responsibilities:
- Collaborate with engineering leads to define technical strategies.
- Develop innovative solutions to complex business problems.
- Participate in agile development cycles, including code reviews.
- Enhance existing products and design next-generation systems.
- Optimize application performance and ensure fault tolerance.

We value creativity, teamwork, and persistence. The ideal candidate will be proactive, technically skilled, and eager to solve big problems. Join us in this exciting journey to redefine technology solutions.

Perks:
- Visa sponsorship and relocation assistance for international candidates.
- Competitive salary with annual bonuses.
- Flexible work arrangements.
- Professional development programs to grow your career.",Relocation and visa supported
Research Analyst,Visionary Tech Ltd.,Singapore,"At Visionary Tech Ltd., we are passionate about driving innovation and creating solutions that impact industries worldwide. As a Research Analyst in our Singapore office, you will play a key role in solving technical challenges and developing high-performance applications that scale seamlessly. Your expertise will drive the design and development of critical systems, ensuring they meet both functional and technical needs. Role Overview: You will join a high-performing team of engineers focused on building robust software. Responsibilities include gathering requirements, designing architectures, writing clean and modular code, and performing rigorous testing to ensure system stability. Relocation and visa supported for the right candidate. Detailed Responsibilities: - Collaborate with engineering leads to define technical strategies. - Develop innovative solutions to complex business problems. - Participate in agile development cycles, including code reviews. - Enhance existing products and design next-generation systems. - Optimize application performance and ensure fault tolerance. We value creativity, teamwork, and persistence. The ideal candidate will be proactive, technically skilled, and eager to solve big problems. Join us in this exciting journey to redefine technology solutions. Perks: - Visa sponsorship and relocation assistance for international candidates. - Competitive salary with annual bonuses. - Flexible work arrangements. - Professional development programs to grow your career.",Relocation and visa supported
UX/UI Designer,AgileWorks,"London, UK","Looking for your next challenge? Join AgileWorks as a UX/UI Designer in London, UK and enjoy Visa sponsorship upon offer acceptance.",Visa sponsorship upon offer acceptance
Project Manager,AgileWorks,"Dubai, UAE","We are expanding our team at AgileWorks and looking for a skilled Project Manager in Dubai, UAE. Attractive benefits and Sponsorship for the right candidate.",Sponsorship for the right candidate
Electrical Engineer,Global Innovations,"Dublin, Ireland","Join Global Innovations as a Electrical Engineer in Dublin, Ireland. You'll work on exciting projects leveraging the latest technologies. Relocation and visa supported.",Relocation and visa supported
Systems Analyst,Tech Solutions Inc.,"New York, USA","We are expanding our team at Tech Solutions Inc. and looking for a skilled Systems Analyst in New York, USA. Attractive benefits and Visa sponsorship upon offer acceptance.",Visa sponsorship upon offer acceptance
Software Engineer,BuildPro Engineering,"Amsterdam, Netherlands","Are you a talented Software Engineer? BuildPro Engineering in Amsterdam, Netherlands offers exciting projects, growth opportunities, and Visa sponsorship provided.",Visa sponsorship provided
Cloud Engineer,CodeWave,Singapore,CodeWave is hiring a Cloud Engineer for our Singapore office. You'll collaborate with innovative teams and deliver high-quality solutions. H1-B sponsorship available,H1-B sponsorship available
Front-End Developer,EcoTech Solutions,"Toronto, Canada","At EcoTech Solutions, we are passionate about driving innovation and creating solutions that impact industries worldwide. As a Front-End Developer in our Toronto, Canada office, you will play a key role in solving technical challenges and developing high-performance applications that scale seamlessly. Your expertise will drive the design and development of critical systems, ensuring they meet both functional and technical needs.

Role Overview:
You will join a high-performing team of engineers focused on building robust software. Responsibilities include gathering requirements, designing architectures, writing clean and modular code, and performing rigorous testing to ensure system stability. Support for work permit and relocation for the right candidate.

Detailed Responsibilities:
- Collaborate with engineering leads to define technical strategies.
- Develop innovative solutions to complex business problems.
- Participate in agile development cycles, including code reviews.
- Enhance existing products and design next-generation systems.
- Optimize application performance and ensure fault tolerance.

We value creativity, teamwork, and persistence. The ideal candidate will be proactive, technically skilled, and eager to solve big problems. Join us in this exciting journey to redefine technology solutions.

Perks:
- Visa sponsorship and relocation assistance for international candidates.
- Competitive salary with annual bonuses.
- Flexible work arrangements.
- Professional development programs to grow your career.",Support for work permit and relocation
Business Analyst,Nimbus Innovations,"Dubai, UAE","Nimbus Innovations is hiring a Business Analyst for our Dubai, UAE office. You'll collaborate with innovative teams and deliver high-quality solutions. Work permit assistance",Work permit assistance
DevOps Engineer,Visionary Tech Ltd.,"London, UK","Visionary Tech Ltd. is seeking an experienced DevOps Engineer to join our team in London, UK. In this role, you will work on critical projects that involve cutting-edge technologies. Responsibilities include designing, implementing, and maintaining scalable systems, collaborating with cross-functional teams to understand business requirements, and ensuring solutions meet high standards of quality. You will have opportunities to innovate, automate, and optimize complex systems, driving efficiency across our platforms. Ideal candidates will have proven experience, strong technical skills, and a problem-solving mindset. We are committed to attracting top global talent, and Global work mobility supported. Relocation assistance is also available for international candidates. Key Responsibilities: - Develop, test, and deploy features that enhance system performance. - Collaborate closely with product managers and stakeholders to deliver timely solutions. - Debug and optimize existing systems for speed, scalability, and reliability. - Ensure the codebase is clean, efficient, and maintainable. - Mentor junior developers and share best practices. Skills & Requirements: - 3+ years of experience as a DevOps Engineer. - Proficiency in modern programming languages and frameworks. - Familiarity with cloud platforms and containerization tools. - Strong analytical, troubleshooting, and debugging skills. Benefits: - Competitive salary with performance-based incentives. - Comprehensive health insurance. - Generous leave policies. - Work visa sponsorship for exceptional candidates. - Opportunities to work on international projects and career growth.",Global work mobility supported
DevOps Engineer,AI Dynamics,"Dublin, Ireland","Join AI Dynamics as a DevOps Engineer in Dublin, Ireland. You'll work on exciting projects leveraging the latest technologies. Sponsorship for exceptional candidates.",Sponsorship for exceptional candidates
ML Engineer,Innovatech Ltd.,"Sydney, Australia","Become part of a dynamic team at Innovatech Ltd.. As a ML Engineer, you'll tackle challenges in Sydney, Australia with Visa sponsorship provided.",Visa sponsorship provided
Backend Developer,NextOrbit Systems,"Tokyo, Japan","Exciting opportunity for a Backend Developer at NextOrbit Systems, located in Tokyo, Japan. Competitive pay and Relocation and visa supported. Apply now!",Relocation and visa supported
DevOps Engineer,Streamline AI,"Amsterdam, Netherlands","At Streamline AI, we value global talent. We are seeking a DevOps Engineer for our Amsterdam, Netherlands office. Work permit assistance available.",Work permit assistance
Systems Analyst,FortifySoft,"Dubai, UAE","Join FortifySoft as a Systems Analyst in Dubai, UAE. You'll work on exciting projects leveraging the latest technologies. Relocation and visa supported.",Relocation and visa supported
Systems Analyst,FutureTech Co.,"Amsterdam, Netherlands","Looking for your next challenge? Join FutureTech Co. as a Systems Analyst in Amsterdam, Netherlands and enjoy Visa sponsorship provided.",Visa sponsorship provided
Backend Developer,NexGen Systems,"Toronto, Canada","Are you a talented Backend Developer? NexGen Systems in Toronto, Canada offers exciting projects, growth opportunities, and Work permit assistance.",Work permit assistance
UX/UI Designer,BuildPro Engineering,"Berlin, Germany","Looking for your next challenge? Join BuildPro Engineering as a UX/UI Designer in Berlin, Germany and enjoy H1-B sponsorship available.",H1-B sponsorship available
Business Analyst,NexGen Systems,"Dublin, Ireland","NexGen Systems is hiring a Business Analyst for our Dublin, Ireland office. You'll collaborate with innovative teams and deliver high-quality solutions. Global work mobility supported",Global work mobility supported
AI Researcher,Nimbus Innovations,Singapore,Nimbus Innovations is hiring a AI Researcher for our Singapore office. You'll collaborate with innovative teams and deliver high-quality solutions. Visa sponsorship upon offer acceptance,Visa sponsorship upon offer acceptance
Mechanical Engineer,DataWorks,"Dubai, UAE","Become part of a dynamic team at DataWorks. As a Mechanical Engineer, you'll tackle challenges in Dubai, UAE with Visa sponsorship upon offer acceptance.",Visa sponsorship upon offer acceptance
Electrical Engineer,BlueCore AI,"Toronto, Canada","At BlueCore AI, we are passionate about driving innovation and creating solutions that impact industries worldwide. As a Electrical Engineer in our Toronto, Canada office, you will play a key role in solving technical challenges and developing high-performance applications that scale seamlessly. Your expertise will drive the design and development of critical systems, ensuring they meet both functional and technical needs. Role Overview: You will join a high-performing team of engineers focused on building robust software. Responsibilities include gathering requirements, designing architectures, writing clean and modular code, and performing rigorous testing to ensure system stability. Visa sponsorship provided for the right candidate. Detailed Responsibilities: - Collaborate with engineering leads to define technical strategies. - Develop innovative solutions to complex business problems. - Participate in agile development cycles, including code reviews. - Enhance existing products and design next-generation systems. - Optimize application performance and ensure fault tolerance. We value creativity, teamwork, and persistence. The ideal candidate will be proactive, technically skilled, and eager to solve big problems. Join us in this exciting journey to redefine technology solutions. Perks: - Visa sponsorship and relocation assistance for international candidates. - Competitive salary with annual bonuses. - Flexible work arrangements. - Professional development programs to grow your career.",Visa sponsorship provided
Cloud Engineer,InnoCore Solutions,"Amsterdam, Netherlands","Explore global opportunities at InnoCore Solutions. We are looking for a Cloud Engineer in Amsterdam, Netherlands. Relocation and visa supported.",Relocation and visa supported
Mechanical Engineer,Visionary Tech Ltd.,"Berlin, Germany","Are you a talented Mechanical Engineer? Visionary Tech Ltd. in Berlin, Germany offers exciting projects, growth opportunities, and Support for work permit and relocation.",Support for work permit and relocation
Cloud Engineer,Innovatech Ltd.,"Dublin, Ireland","Exciting opportunity for a Cloud Engineer at Innovatech Ltd., located in Dublin, Ireland. Competitive pay and Sponsorship for exceptional candidates. Apply now!",Sponsorship for exceptional candidates
Software Engineer,BuildPro Engineering,Singapore,"BuildPro Engineering is seeking an experienced Software Engineer to join our team in Singapore. In this role, you will work on critical projects that involve cutting-edge technologies. Responsibilities include designing, implementing, and maintaining scalable systems, collaborating with cross-functional teams to understand business requirements, and ensuring solutions meet high standards of quality. You will have opportunities to innovate, automate, and optimize complex systems, driving efficiency across our platforms. Ideal candidates will have proven experience, strong technical skills, and a problem-solving mindset. We are committed to attracting top global talent, and Visa assistance for qualified applicants. Relocation assistance is also available for international candidates. Key Responsibilities: - Develop, test, and deploy features that enhance system performance. - Collaborate closely with product managers and stakeholders to deliver timely solutions. - Debug and optimize existing systems for speed, scalability, and reliability. - Ensure the codebase is clean, efficient, and maintainable. - Mentor junior developers and share best practices. Skills & Requirements: - 3+ years of experience as a Software Engineer. - Proficiency in modern programming languages and frameworks. - Familiarity with cloud platforms and containerization tools. - Strong analytical, troubleshooting, and debugging skills. Benefits: - Competitive salary with performance-based incentives. - Comprehensive health insurance. - Generous leave policies. - Work visa sponsorship for exceptional candidates. - Opportunities to work on international projects and career growth.",Visa assistance for qualified applicants
AI Researcher,EcoTech Solutions,"Dubai, UAE","We are expanding our team at EcoTech Solutions and looking for a skilled AI Researcher in Dubai, UAE. Attractive benefits and Work permit assistance.",Work permit assistance
Data Scientist,NextOrbit Systems,"Amsterdam, Netherlands","Exciting opportunity for a Data Scientist at NextOrbit Systems, located in Amsterdam, Netherlands. Competitive pay and Visa sponsorship upon offer acceptance. Apply now!",Visa sponsorship upon offer acceptance
Research Analyst,BuildPro Engineering,"New York, USA","Are you a talented Research Analyst? BuildPro Engineering in New York, USA offers exciting projects, growth opportunities, and Support for work permit and relocation.",Support for work permit and relocation
Cloud Engineer,FutureTech Co.,"Tokyo, Japan","FutureTech Co. is seeking an experienced Cloud Engineer to join our team in Tokyo, Japan. In this role, you will work on critical projects that involve cutting-edge technologies. Responsibilities include designing, implementing, and maintaining scalable systems, collaborating with cross-functional teams to understand business requirements, and ensuring solutions meet high standards of quality. You will have opportunities to innovate, automate, and optimize complex systems, driving efficiency across our platforms. Ideal candidates will have proven experience, strong technical skills, and a problem-solving mindset. We are committed to attracting top global talent, and Work visa sponsorship included. Relocation assistance is also available for international candidates. Key Responsibilities: - Develop, test, and deploy features that enhance system performance. - Collaborate closely with product managers and stakeholders to deliver timely solutions. - Debug and optimize existing systems for speed, scalability, and reliability. - Ensure the codebase is clean, efficient, and maintainable. - Mentor junior developers and share best practices. Skills & Requirements: - 3+ years of experience as a Cloud Engineer. - Proficiency in modern programming languages and frameworks. - Familiarity with cloud platforms and containerization tools. - Strong analytical, troubleshooting, and debugging skills. Benefits: - Competitive salary with performance-based incentives. - Comprehensive health insurance. - Generous leave policies. - Work visa sponsorship for exceptional candidates. - Opportunities to work on international projects and career growth.",Work visa sponsorship included
Mobile App Developer,Tech Solutions Inc.,"Sydney, Australia","Tech Solutions Inc. is seeking an experienced Mobile App Developer to join our team in Sydney, Australia. In this role, you will work on critical projects that involve cutting-edge technologies. Responsibilities include designing, implementing, and maintaining scalable systems, collaborating with cross-functional teams to understand business requirements, and ensuring solutions meet high standards of quality. You will have opportunities to innovate, automate, and optimize complex systems, driving efficiency across our platforms. Ideal candidates will have proven experience, strong technical skills, and a problem-solving mindset. We are committed to attracting top global talent, and Global mobility support. Relocation assistance is also available for international candidates.

Key Responsibilities:
- Develop, test, and deploy features that enhance system performance.
- Collaborate closely with product managers and stakeholders to deliver timely solutions.
- Debug and optimize existing systems for speed, scalability, and reliability.
- Ensure the codebase is clean, efficient, and maintainable.
- Mentor junior developers and share best practices.

Skills & Requirements:
- 3+ years of experience as a Mobile App Developer.
- Proficiency in modern programming languages and frameworks.
- Familiarity with cloud platforms and containerization tools.
- Strong analytical, troubleshooting, and debugging skills.

Benefits:
- Competitive salary with performance-based incentives.
- Comprehensive health insurance.
- Generous leave policies.
- Work visa sponsorship for exceptional candidates.
- Opportunities to work on international projects and career growth.",Global mobility support
Mobile App Developer,NextOrbit Systems,"Toronto, Canada","Become part of a dynamic team at NextOrbit Systems. As a Mobile App Developer, you'll tackle challenges in Toronto, Canada with Visa sponsorship provided.",Visa sponsorship provided
Solutions Architect,CodeWave,"London, UK","Looking for your next challenge? Join CodeWave as a Solutions Architect in London, UK and enjoy Global work mobility supported.",Global work mobility supported
Project Manager,MetroBuild Engineering,"Tokyo, Japan","MetroBuild Engineering is seeking an experienced Project Manager to join our team in Tokyo, Japan. In this role, you will work on critical projects that involve cutting-edge technologies. Responsibilities include designing, implementing, and maintaining scalable systems, collaborating with cross-functional teams to understand business requirements, and ensuring solutions meet high standards of quality. You will have opportunities to innovate, automate, and optimize complex systems, driving efficiency across our platforms. Ideal candidates will have proven experience, strong technical skills, and a problem-solving mindset. We are committed to attracting top global talent, and Sponsorship for the right candidate. Relocation assistance is also available for international candidates. Key Responsibilities: - Develop, test, and deploy features that enhance system performance. - Collaborate closely with product managers and stakeholders to deliver timely solutions. - Debug and optimize existing systems for speed, scalability, and reliability. - Ensure the codebase is clean, efficient, and maintainable. - Mentor junior developers and share best practices. Skills & Requirements: - 3+ years of experience as a Project Manager. - Proficiency in modern programming languages and frameworks. - Familiarity with cloud platforms and containerization tools. - Strong analytical, troubleshooting, and debugging skills. Benefits: - Competitive salary with performance-based incentives. - Comprehensive health insurance. - Generous leave policies. - Work visa sponsorship for exceptional candidates. - Opportunities to work on international projects and career growth.",Sponsorship for the right candidate
IT Specialist,DataWorks,Singapore,"Are you a talented IT Specialist? DataWorks in Singapore offers exciting projects, growth opportunities, and Sponsorship support for international candidates.",Sponsorship support for international candidates
Project Manager,MetroBuild Engineering,"New York, USA","Explore global opportunities at MetroBuild Engineering. We are looking for a Project Manager in New York, USA. Support for work permit and relocation.",Support for work permit and relocation
Project Manager,MetroBuild Engineering,Singapore,"At MetroBuild Engineering, we value global talent. We are seeking a Project Manager for our Singapore office. Work permit assistance available.",Work permit assistance
Front-End Developer,EcoTech Solutions,Singapore,Looking for your next challenge? Join EcoTech Solutions as a Front-End Developer in Singapore and enjoy Support for work permit and relocation.,Support for work permit and relocation
Research Analyst,AI Dynamics,"Sydney, Australia","Are you a talented Research Analyst? AI Dynamics in Sydney, Australia offers exciting projects, growth opportunities, and Relocation and visa supported.",Relocation and visa supported
Backend Developer,AI Dynamics,"London, UK","Become part of a dynamic team at AI Dynamics. As a Backend Developer, you'll tackle challenges in London, UK with Sponsorship support for international candidates.",Sponsorship support for international candidates
DevOps Engineer,FutureTech Co.,"Tokyo, Japan","Become part of a dynamic team at FutureTech Co.. As a DevOps Engineer, you'll tackle challenges in Tokyo, Japan with Relocation and visa assistance included.",Relocation and visa assistance included
AI Researcher,Global Innovations,"Berlin, Germany","Global Innovations is seeking an experienced AI Researcher to join our team in Berlin, Germany. In this role, you will work on critical projects that involve cutting-edge technologies. Responsibilities include designing, implementing, and maintaining scalable systems, collaborating with cross-functional teams to understand business requirements, and ensuring solutions meet high standards of quality. You will have opportunities to innovate, automate, and optimize complex systems, driving efficiency across our platforms. Ideal candidates will have proven experience, strong technical skills, and a problem-solving mindset. We are committed to attracting top global talent, and Sponsorship support for international candidates. Relocation assistance is also available for international candidates. Key Responsibilities: - Develop, test, and deploy features that enhance system performance. - Collaborate closely with product managers and stakeholders to deliver timely solutions. - Debug and optimize existing systems for speed, scalability, and reliability. - Ensure the codebase is clean, efficient, and maintainable. - Mentor junior developers and share best practices. Skills & Requirements: - 3+ years of experience as a AI Researcher. - Proficiency in modern programming languages and frameworks. - Familiarity with cloud platforms and containerization tools. - Strong analytical, troubleshooting, and debugging skills. Benefits: - Competitive salary with performance-based incentives. - Comprehensive health insurance. - Generous leave policies. - Work visa sponsorship for exceptional candidates. - Opportunities to work on international projects and career growth.",Sponsorship support for international candidates
Research Analyst,Nimbus Innovations,"Dubai, UAE","Exciting opportunity for a Research Analyst at Nimbus Innovations, located in Dubai, UAE. Competitive pay and Sponsorship for the right candidate. Apply now!",Sponsorship for the right candidate
Backend Developer,InnoCore Solutions,"Sydney, Australia","InnoCore Solutions is seeking an experienced Backend Developer to join our team in Sydney, Australia. In this role, you will work on critical projects that involve cutting-edge technologies. Responsibilities include designing, implementing, and maintaining scalable systems, collaborating with cross-functional teams to understand business requirements, and ensuring solutions meet high standards of quality. You will have opportunities to innovate, automate, and optimize complex systems, driving efficiency across our platforms. Ideal candidates will have proven experience, strong technical skills, and a problem-solving mindset. We are committed to attracting top global talent, and Sponsorship support for international candidates. Relocation assistance is also available for international candidates. Key Responsibilities: - Develop, test, and deploy features that enhance system performance. - Collaborate closely with product managers and stakeholders to deliver timely solutions. - Debug and optimize existing systems for speed, scalability, and reliability. - Ensure the codebase is clean, efficient, and maintainable. - Mentor junior developers and share best practices. Skills & Requirements: - 3+ years of experience as a Backend Developer. - Proficiency in modern programming languages and frameworks. - Familiarity with cloud platforms and containerization tools. - Strong analytical, troubleshooting, and debugging skills. Benefits: - Competitive salary with performance-based incentives. - Comprehensive health insurance. - Generous leave policies. - Work visa sponsorship for exceptional candidates. - Opportunities to work on international projects and career growth.",Sponsorship support for international candidates
Systems Analyst,DataWorks,"Tokyo, Japan","DataWorks is seeking an experienced Systems Analyst to join our team in Tokyo, Japan. In this role, you will work on critical projects that involve cutting-edge technologies. Responsibilities include designing, implementing, and maintaining scalable systems, collaborating with cross-functional teams to understand business requirements, and ensuring solutions meet high standards of quality. You will have opportunities to innovate, automate, and optimize complex systems, driving efficiency across our platforms. Ideal candidates will have proven experience, strong technical skills, and a problem-solving mindset. We are committed to attracting top global talent, and Sponsorship support for international candidates. Relocation assistance is also available for international candidates. Key Responsibilities: - Develop, test, and deploy features that enhance system performance. - Collaborate closely with product managers and stakeholders to deliver timely solutions. - Debug and optimize existing systems for speed, scalability, and reliability. - Ensure the codebase is clean, efficient, and maintainable. - Mentor junior developers and share best practices. Skills & Requirements: - 3+ years of experience as a Systems Analyst. - Proficiency in modern programming languages and frameworks. - Familiarity with cloud platforms and containerization tools. - Strong analytical, troubleshooting, and debugging skills. Benefits: - Competitive salary with performance-based incentives. - Comprehensive health insurance. - Generous leave policies. - Work visa sponsorship for exceptional candidates. - Opportunities to work on international projects and career growth.",Sponsorship support for international candidates
Solutions Architect,MetroBuild Engineering,"Tokyo, Japan","At MetroBuild Engineering, we are passionate about driving innovation and creating solutions that impact industries worldwide. As a Solutions Architect in our Tokyo, Japan office, you will play a key role in solving technical challenges and developing high-performance applications that scale seamlessly. Your expertise will drive the design and development of critical systems, ensuring they meet both functional and technical needs. Role Overview: You will join a high-performing team of engineers focused on building robust software. Responsibilities include gathering requirements, designing architectures, writing clean and modular code, and performing rigorous testing to ensure system stability. Global work mobility supported for the right candidate. Detailed Responsibilities: - Collaborate with engineering leads to define technical strategies. - Develop innovative solutions to complex business problems. - Participate in agile development cycles, including code reviews. - Enhance existing products and design next-generation systems. - Optimize application performance and ensure fault tolerance. We value creativity, teamwork, and persistence. The ideal candidate will be proactive, technically skilled, and eager to solve big problems. Join us in this exciting journey to redefine technology solutions. Perks: - Visa sponsorship and relocation assistance for international candidates. - Competitive salary with annual bonuses. - Flexible work arrangements. - Professional development programs to grow your career.",Global work mobility supported
ML Engineer,MetroBuild Engineering,"London, UK","Become part of a dynamic team at MetroBuild Engineering. As a ML Engineer, you'll tackle challenges in London, UK with We provide full visa sponsorship.",We provide full visa sponsorship
Systems Analyst,DataWorks,"Tokyo, Japan","At DataWorks, we are passionate about driving innovation and creating solutions that impact industries worldwide. As a Systems Analyst in our Tokyo, Japan office, you will play a key role in solving technical challenges and developing high-performance applications that scale seamlessly. Your expertise will drive the design and development of critical systems, ensuring they meet both functional and technical needs.

Role Overview:
You will join a high-performing team of engineers focused on building robust software. Responsibilities include gathering requirements, designing architectures, writing clean and modular code, and performing rigorous testing to ensure system stability. Visa sponsorship upon offer acceptance for the right candidate.

Detailed Responsibilities:
- Collaborate with engineering leads to define technical strategies.
- Develop innovative solutions to complex business problems.
- Participate in agile development cycles, including code reviews.
- Enhance existing products and design next-generation systems.
- Optimize application performance and ensure fault tolerance.

We value creativity, teamwork, and persistence. The ideal candidate will be proactive, technically skilled, and eager to solve big problems. Join us in this exciting journey to redefine technology solutions.

Perks:
- Visa sponsorship and relocation assistance for international candidates.
- Competitive salary with annual bonuses.
- Flexible work arrangements.
- Professional development programs to grow your career.",Visa sponsorship upon offer acceptance
AI Researcher,FutureTech Co.,"Dubai, UAE","Are you a talented AI Researcher? FutureTech Co. in Dubai, UAE offers exciting projects, growth opportunities, and Visa assistance for qualified applicants.",Visa assistance for qualified applicants
Research Analyst,InnoCore Solutions,"New York, USA","At InnoCore Solutions, we are passionate about driving innovation and creating solutions that impact industries worldwide. As a Research Analyst in our New York, USA office, you will play a key role in solving technical challenges and developing high-performance applications that scale seamlessly. Your expertise will drive the design and development of critical systems, ensuring they meet both functional and technical needs.

Role Overview:
You will join a high-performing team of engineers focused on building robust software. Responsibilities include gathering requirements, designing architectures, writing clean and modular code, and performing rigorous testing to ensure system stability. H1-B sponsorship available for the right candidate.

Detailed Responsibilities:
- Collaborate with engineering leads to define technical strategies.
- Develop innovative solutions to complex business problems.
- Participate in agile development cycles, including code reviews.
- Enhance existing products and design next-generation systems.
- Optimize application performance and ensure fault tolerance.

We value creativity, teamwork, and persistence. The ideal candidate will be proactive, technically skilled, and eager to solve big problems. Join us in this exciting journey to redefine technology solutions.

Perks:
- Visa sponsorship and relocation assistance for international candidates.
- Competitive salary with annual bonuses.
- Flexible work arrangements.
- Professional development programs to grow your career.",H1-B sponsorship available
Electrical Engineer,Visionary Tech Ltd.,"Tokyo, Japan","Passionate about tech? Visionary Tech Ltd. in Tokyo, Japan is hiring Electrical Engineer. Join us with Visa assistance for qualified applicants.",Visa assistance for qualified applicants
Systems Analyst,FutureTech Co.,"Toronto, Canada","Passionate about tech? FutureTech Co. in Toronto, Canada is hiring Systems Analyst. Join us with Visa sponsorship provided.",Visa sponsorship provided
Research Analyst,Visionary Tech Ltd.,"Amsterdam, Netherlands","Visionary Tech Ltd. is seeking an experienced Research Analyst to join our team in Amsterdam, Netherlands. In this role, you will work on critical projects that involve cutting-edge technologies. Responsibilities include designing, implementing, and maintaining scalable systems, collaborating with cross-functional teams to understand business requirements, and ensuring solutions meet high standards of quality. You will have opportunities to innovate, automate, and optimize complex systems, driving efficiency across our platforms. Ideal candidates will have proven experience, strong technical skills, and a problem-solving mindset. We are committed to attracting top global talent, and Sponsorship for the right candidate. Relocation assistance is also available for international candidates. Key Responsibilities: - Develop, test, and deploy features that enhance system performance. - Collaborate closely with product managers and stakeholders to deliver timely solutions. - Debug and optimize existing systems for speed, scalability, and reliability. - Ensure the codebase is clean, efficient, and maintainable. - Mentor junior developers and share best practices. Skills & Requirements: - 3+ years of experience as a Research Analyst. - Proficiency in modern programming languages and frameworks. - Familiarity with cloud platforms and containerization tools. - Strong analytical, troubleshooting, and debugging skills. Benefits: - Competitive salary with performance-based incentives. - Comprehensive health insurance. - Generous leave policies. - Work visa sponsorship for exceptional candidates. - Opportunities to work on international projects and career growth.",Sponsorship for the right candidate
Cybersecurity Specialist,DataWorks,"Amsterdam, Netherlands","Exciting opportunity for a Cybersecurity Specialist at DataWorks, located in Amsterdam, Netherlands. Competitive pay and Visa sponsorship upon offer acceptance. Apply now!",Visa sponsorship upon offer acceptance
ML Engineer,AgileWorks,Singapore,"Exciting opportunity for a ML Engineer at AgileWorks, located in Singapore. Competitive pay and Sponsorship for exceptional candidates. Apply now!",Sponsorship for exceptional candidates
Data Scientist,NexGen Systems,"Dubai, UAE","Are you a talented Data Scientist? NexGen Systems in Dubai, UAE offers exciting projects, growth opportunities, and Visa assistance for qualified applicants.",Visa assistance for qualified applicants
Project Manager,Visionary Tech Ltd.,"Berlin, Germany","Join Visionary Tech Ltd. as a Project Manager in Berlin, Germany. You'll work on exciting projects leveraging the latest technologies. Work visa sponsorship included.",Work visa sponsorship included
Mechanical Engineer,BlueCore AI,"Dublin, Ireland","Explore global opportunities at BlueCore AI. We are looking for a Mechanical Engineer in Dublin, Ireland. Visa assistance for qualified applicants.",Visa assistance for qualified applicants
Backend Developer,NextOrbit Systems,"London, UK","NextOrbit Systems is seeking an experienced Backend Developer to join our team in London, UK. In this role, you will work on critical projects that involve cutting-edge technologies. Responsibilities include designing, implementing, and maintaining scalable systems, collaborating with cross-functional teams to understand business requirements, and ensuring solutions meet high standards of quality. You will have opportunities to innovate, automate, and optimize complex systems, driving efficiency across our platforms. Ideal candidates will have proven experience, strong technical skills, and a problem-solving mindset. We are committed to attracting top global talent, and Work visa sponsorship included. Relocation assistance is also available for international candidates. Key Responsibilities: - Develop, test, and deploy features that enhance system performance. - Collaborate closely with product managers and stakeholders to deliver timely solutions. - Debug and optimize existing systems for speed, scalability, and reliability. - Ensure the codebase is clean, efficient, and maintainable. - Mentor junior developers and share best practices. Skills & Requirements: - 3+ years of experience as a Backend Developer. - Proficiency in modern programming languages and frameworks. - Familiarity with cloud platforms and containerization tools. - Strong analytical, troubleshooting, and debugging skills. Benefits: - Competitive salary with performance-based incentives. - Comprehensive health insurance. - Generous leave policies. - Work visa sponsorship for exceptional candidates. - Opportunities to work on international projects and career growth.",Work visa sponsorship included
Business Analyst,NextOrbit Systems,"Berlin, Germany","Are you a talented Business Analyst? NextOrbit Systems in Berlin, Germany offers exciting projects, growth opportunities, and H1-B sponsorship available.",H1-B sponsorship available
Data Scientist,InnoCore Solutions,"Toronto, Canada","Are you a talented Data Scientist? InnoCore Solutions in Toronto, Canada offers exciting projects, growth opportunities, and Relocation and visa assistance included.",Relocation and visa assistance included
Mobile App Developer,NexGen Systems,"Dubai, UAE","At NexGen Systems, we are passionate about driving innovation and creating solutions that impact industries worldwide. As a Mobile App Developer in our Dubai, UAE office, you will play a key role in solving technical challenges and developing high-performance applications that scale seamlessly. Your expertise will drive the design and development of critical systems, ensuring they meet both functional and technical needs. Role Overview: You will join a high-performing team of engineers focused on building robust software. Responsibilities include gathering requirements, designing architectures, writing clean and modular code, and performing rigorous testing to ensure system stability. Sponsorship for exceptional candidates for the right candidate. Detailed Responsibilities: - Collaborate with engineering leads to define technical strategies. - Develop innovative solutions to complex business problems. - Participate in agile development cycles, including code reviews. - Enhance existing products and design next-generation systems. - Optimize application performance and ensure fault tolerance. We value creativity, teamwork, and persistence. The ideal candidate will be proactive, technically skilled, and eager to solve big problems. Join us in this exciting journey to redefine technology solutions. Perks: - Visa sponsorship and relocation assistance for international candidates. - Competitive salary with annual bonuses. - Flexible work arrangements. - Professional development programs to grow your career.",Sponsorship for exceptional candidates
Mobile App Developer,NexGen Systems,"Dubai, UAE","At NexGen Systems, we are passionate about driving innovation and creating solutions that impact industries worldwide. As a Mobile App Developer in our Dubai, UAE office, you will play a key role in solving technical challenges and developing high-performance applications that scale seamlessly. Your expertise will drive the design and development of critical systems, ensuring they meet both functional and technical needs. Role Overview: You will join a high-performing team of engineers focused on building robust software. Responsibilities include gathering requirements, designing architectures, writing clean and modular code, and performing rigorous testing to ensure system stability. Global work mobility supported for the right candidate. Detailed Responsibilities: - Collaborate with engineering leads to define technical strategies. - Develop innovative solutions to complex business problems. - Participate in agile development cycles, including code reviews. - Enhance existing products and design next-generation systems. - Optimize application performance and ensure fault tolerance. We value creativity, teamwork, and persistence. The ideal candidate will be proactive, technically skilled, and eager to solve big problems. Join us in this exciting journey to redefine technology solutions. Perks: - Visa sponsorship and relocation assistance for international candidates. - Competitive salary with annual bonuses. - Flexible work arrangements. - Professional development programs to grow your career.",Global work mobility supported
Mobile App Developer,FortifySoft,"Sydney, Australia","At FortifySoft, we are passionate about driving innovation and creating solutions that impact industries worldwide. As a Mobile App Developer in our Sydney, Australia office, you will play a key role in solving technical challenges and developing high-performance applications that scale seamlessly. Your expertise will drive the design and development of critical systems, ensuring they meet both functional and technical needs.

Role Overview:
You will join a high-performing team of engineers focused on building robust software. Responsibilities include gathering requirements, designing architectures, writing clean and modular code, and performing rigorous testing to ensure system stability. Global mobility support for the right candidate.

Detailed Responsibilities:
- Collaborate with engineering leads to define technical strategies.
- Develop innovative solutions to complex business problems.
- Participate in agile development cycles, including code reviews.
- Enhance existing products and design next-generation systems.
- Optimize application performance and ensure fault tolerance.

We value creativity, teamwork, and persistence. The ideal candidate will be proactive, technically skilled, and eager to solve big problems. Join us in this exciting journey to redefine technology solutions.

Perks:
- Visa sponsorship and relocation assistance for international candidates.
- Competitive salary with annual bonuses.
- Flexible work arrangements.
- Professional development programs to grow your career.",Global mobility support
Cloud Engineer,FortifySoft,"Toronto, Canada","FortifySoft is seeking an experienced Cloud Engineer to join our team in Toronto, Canada. In this role, you will work on critical projects that involve cutting-edge technologies. Responsibilities include designing, implementing, and maintaining scalable systems, collaborating with cross-functional teams to understand business requirements, and ensuring solutions meet high standards of quality. You will have opportunities to innovate, automate, and optimize complex systems, driving efficiency across our platforms. Ideal candidates will have proven experience, strong technical skills, and a problem-solving mindset. We are committed to attracting top global talent, and Support for work permit and relocation. Relocation assistance is also available for international candidates. Key Responsibilities: - Develop, test, and deploy features that enhance system performance. - Collaborate closely with product managers and stakeholders to deliver timely solutions. - Debug and optimize existing systems for speed, scalability, and reliability. - Ensure the codebase is clean, efficient, and maintainable. - Mentor junior developers and share best practices. Skills & Requirements: - 3+ years of experience as a Cloud Engineer. - Proficiency in modern programming languages and frameworks. - Familiarity with cloud platforms and containerization tools. - Strong analytical, troubleshooting, and debugging skills. Benefits: - Competitive salary with performance-based incentives. - Comprehensive health insurance. - Generous leave policies. - Work visa sponsorship for exceptional candidates. - Opportunities to work on international projects and career growth.",Support for work permit and relocation
DevOps Engineer,AgileWorks,"Dublin, Ireland","Looking for your next challenge? Join AgileWorks as a DevOps Engineer in Dublin, Ireland and enjoy Visa sponsorship provided.",Visa sponsorship provided
UX/UI Designer,EcoTech Solutions,"Toronto, Canada","Looking for your next challenge? Join EcoTech Solutions as a UX/UI Designer in Toronto, Canada and enjoy Visa assistance for qualified applicants.",Visa assistance for qualified applicants
Systems Analyst,Global Innovations,"Dublin, Ireland","Global Innovations is hiring a Systems Analyst for our Dublin, Ireland office. You'll collaborate with innovative teams and deliver high-quality solutions. Work visa sponsorship included",Work visa sponsorship included
Research Analyst,Streamline AI,Singapore,"At Streamline AI, we are passionate about driving innovation and creating solutions that impact industries worldwide. As a Research Analyst in our Singapore office, you will play a key role in solving technical challenges and developing high-performance applications that scale seamlessly. Your expertise will drive the design and development of critical systems, ensuring they meet both functional and technical needs. Role Overview: You will join a high-performing team of engineers focused on building robust software. Responsibilities include gathering requirements, designing architectures, writing clean and modular code, and performing rigorous testing to ensure system stability. Global mobility support for the right candidate. Detailed Responsibilities: - Collaborate with engineering leads to define technical strategies. - Develop innovative solutions to complex business problems. - Participate in agile development cycles, including code reviews. - Enhance existing products and design next-generation systems. - Optimize application performance and ensure fault tolerance. We value creativity, teamwork, and persistence. The ideal candidate will be proactive, technically skilled, and eager to solve big problems. Join us in this exciting journey to redefine technology solutions. Perks: - Visa sponsorship and relocation assistance for international candidates. - Competitive salary with annual bonuses. - Flexible work arrangements. - Professional development programs to grow your career.",Global mobility support
UX/UI Designer,EcoTech Solutions,"Toronto, Canada","Exciting opportunity for a UX/UI Designer at EcoTech Solutions, located in Toronto, Canada. Competitive pay and Work visa sponsorship included. Apply now!",Work visa sponsorship included
DevOps Engineer,EcoTech Solutions,Singapore,EcoTech Solutions is hiring a DevOps Engineer for our Singapore office. You'll collaborate with innovative teams and deliver high-quality solutions. We provide full visa sponsorship,We provide full visa sponsorship
AI Researcher,CodeWave,"London, UK","At CodeWave, we are passionate about driving innovation and creating solutions that impact industries worldwide. As a AI Researcher in our London, UK office, you will play a key role in solving technical challenges and developing high-performance applications that scale seamlessly. Your expertise will drive the design and development of critical systems, ensuring they meet both functional and technical needs.

Role Overview:
You will join a high-performing team of engineers focused on building robust software. Responsibilities include gathering requirements, designing architectures, writing clean and modular code, and performing rigorous testing to ensure system stability. Work visa sponsorship included for the right candidate.

Detailed Responsibilities:
- Collaborate with engineering leads to define technical strategies.
- Develop innovative solutions to complex business problems.
- Participate in agile development cycles, including code reviews.
- Enhance existing products and design next-generation systems.
- Optimize application performance and ensure fault tolerance.

We value creativity, teamwork, and persistence. The ideal candidate will be proactive, technically skilled, and eager to solve big problems. Join us in this exciting journey to redefine technology solutions.

Perks:
- Visa sponsorship and relocation assistance for international candidates.
- Competitive salary with annual bonuses.
- Flexible work arrangements.
- Professional development programs to grow your career.",Work visa sponsorship included
DevOps Engineer,AI Dynamics,"Toronto, Canada","Are you a talented DevOps Engineer? AI Dynamics in Toronto, Canada offers exciting projects, growth opportunities, and Global mobility support.",Global mobility support
DevOps Engineer,BuildPro Engineering,Singapore,"Are you a talented DevOps Engineer? BuildPro Engineering in Singapore offers exciting projects, growth opportunities, and Sponsorship for the right candidate.",Sponsorship for the right candidate
Cloud Engineer,EcoTech Solutions,"Toronto, Canada","At EcoTech Solutions, we are passionate about driving innovation and creating solutions that impact industries worldwide. As a Cloud Engineer in our Toronto, Canada office, you will play a key role in solving technical challenges and developing high-performance applications that scale seamlessly. Your expertise will drive the design and development of critical systems, ensuring they meet both functional and technical needs. Role Overview: You will join a high-performing team of engineers focused on building robust software. Responsibilities include gathering requirements, designing architectures, writing clean and modular code, and performing rigorous testing to ensure system stability. Visa assistance for qualified applicants for the right candidate. Detailed Responsibilities: - Collaborate with engineering leads to define technical strategies. - Develop innovative solutions to complex business problems. - Participate in agile development cycles, including code reviews. - Enhance existing products and design next-generation systems. - Optimize application performance and ensure fault tolerance. We value creativity, teamwork, and persistence. The ideal candidate will be proactive, technically skilled, and eager to solve big problems. Join us in this exciting journey to redefine technology solutions. Perks: - Visa sponsorship and relocation assistance for international candidates. - Competitive salary with annual bonuses. - Flexible work arrangements. - Professional development programs to grow your career.",Visa assistance for qualified applicants
UX/UI Designer,NexGen Systems,"Tokyo, Japan","NexGen Systems is seeking an experienced UX/UI Designer to join our team in Tokyo, Japan. In this role, you will work on critical projects that involve cutting-edge technologies. Responsibilities include designing, implementing, and maintaining scalable systems, collaborating with cross-functional teams to understand business requirements, and ensuring solutions meet high standards of quality. You will have opportunities to innovate, automate, and optimize complex systems, driving efficiency across our platforms. Ideal candidates will have proven experience, strong technical skills, and a problem-solving mindset. We are committed to attracting top global talent, and Relocation and visa assistance included. Relocation assistance is also available for international candidates.

Key Responsibilities:
- Develop, test, and deploy features that enhance system performance.
- Collaborate closely with product managers and stakeholders to deliver timely solutions.
- Debug and optimize existing systems for speed, scalability, and reliability.
- Ensure the codebase is clean, efficient, and maintainable.
- Mentor junior developers and share best practices.

Skills & Requirements:
- 3+ years of experience as a UX/UI Designer.
- Proficiency in modern programming languages and frameworks.
- Familiarity with cloud platforms and containerization tools.
- Strong analytical, troubleshooting, and debugging skills.

Benefits:
- Competitive salary with performance-based incentives.
- Comprehensive health insurance.
- Generous leave policies.
- Work visa sponsorship for exceptional candidates.
- Opportunities to work on international projects and career growth.",Relocation and visa assistance included
Electrical Engineer,CodeWave,Singapore,"CodeWave is seeking an experienced Electrical Engineer to join our team in Singapore. In this role, you will work on critical projects that involve cutting-edge technologies. Responsibilities include designing, implementing, and maintaining scalable systems, collaborating with cross-functional teams to understand business requirements, and ensuring solutions meet high standards of quality. You will have opportunities to innovate, automate, and optimize complex systems, driving efficiency across our platforms. Ideal candidates will have proven experience, strong technical skills, and a problem-solving mindset. We are committed to attracting top global talent, and Global mobility support. Relocation assistance is also available for international candidates. Key Responsibilities: - Develop, test, and deploy features that enhance system performance. - Collaborate closely with product managers and stakeholders to deliver timely solutions. - Debug and optimize existing systems for speed, scalability, and reliability. - Ensure the codebase is clean, efficient, and maintainable. - Mentor junior developers and share best practices. Skills & Requirements: - 3+ years of experience as a Electrical Engineer. - Proficiency in modern programming languages and frameworks. - Familiarity with cloud platforms and containerization tools. - Strong analytical, troubleshooting, and debugging skills. Benefits: - Competitive salary with performance-based incentives. - Comprehensive health insurance. - Generous leave policies. - Work visa sponsorship for exceptional candidates. - Opportunities to work on international projects and career growth.",Global mobility support
Cybersecurity Specialist,Quantum Leap Tech,"Dubai, UAE","At Quantum Leap Tech, we are passionate about driving innovation and creating solutions that impact industries worldwide. As a Cybersecurity Specialist in our Dubai, UAE office, you will play a key role in solving technical challenges and developing high-performance applications that scale seamlessly. Your expertise will drive the design and development of critical systems, ensuring they meet both functional and technical needs.

Role Overview:
You will join a high-performing team of engineers focused on building robust software. Responsibilities include gathering requirements, designing architectures, writing clean and modular code, and performing rigorous testing to ensure system stability. Visa sponsorship provided for the right candidate.

Detailed Responsibilities:
- Collaborate with engineering leads to define technical strategies.
- Develop innovative solutions to complex business problems.
- Participate in agile development cycles, including code reviews.
- Enhance existing products and design next-generation systems.
- Optimize application performance and ensure fault tolerance.

We value creativity, teamwork, and persistence. The ideal candidate will be proactive, technically skilled, and eager to solve big problems. Join us in this exciting journey to redefine technology solutions.

Perks:
- Visa sponsorship and relocation assistance for international candidates.
- Competitive salary with annual bonuses.
- Flexible work arrangements.
- Professional development programs to grow your career.",Visa sponsorship provided
AI Researcher,Nimbus Innovations,"Tokyo, Japan","At Nimbus Innovations, we value global talent. We are seeking a AI Researcher for our Tokyo, Japan office. Visa sponsorship provided available.",Visa sponsorship provided
Solutions Architect,Global Innovations,"Sydney, Australia","Global Innovations is seeking an experienced Solutions Architect to join our team in Sydney, Australia. In this role, you will work on critical projects that involve cutting-edge technologies. Responsibilities include designing, implementing, and maintaining scalable systems, collaborating with cross-functional teams to understand business requirements, and ensuring solutions meet high standards of quality. You will have opportunities to innovate, automate, and optimize complex systems, driving efficiency across our platforms. Ideal candidates will have proven experience, strong technical skills, and a problem-solving mindset. We are committed to attracting top global talent, and Relocation and visa assistance included. Relocation assistance is also available for international candidates. Key Responsibilities: - Develop, test, and deploy features that enhance system performance. - Collaborate closely with product managers and stakeholders to deliver timely solutions. - Debug and optimize existing systems for speed, scalability, and reliability. - Ensure the codebase is clean, efficient, and maintainable. - Mentor junior developers and share best practices. Skills & Requirements: - 3+ years of experience as a Solutions Architect. - Proficiency in modern programming languages and frameworks. - Familiarity with cloud platforms and containerization tools. - Strong analytical, troubleshooting, and debugging skills. Benefits: - Competitive salary with performance-based incentives. - Comprehensive health insurance. - Generous leave policies. - Work visa sponsorship for exceptional candidates. - Opportunities to work on international projects and career growth.",Relocation and visa assistance included
Cloud Engineer,Tech Solutions Inc.,"Dubai, UAE","Tech Solutions Inc. is hiring a Cloud Engineer for our Dubai, UAE office. You'll collaborate with innovative teams and deliver high-quality solutions. Relocation and visa supported",Relocation and visa supported
Full Stack Developer,NexGen Systems,Singapore,Join NexGen Systems as a Full Stack Developer in Singapore. You'll work on exciting projects leveraging the latest technologies. Sponsorship for exceptional candidates.,Sponsorship for exceptional candidates
